objectid,Approve,cs_address_one,cs_address_two,cs_borough,cs_cooling_facilities,cs_cooling_facilities_other,cs_heat_vulnerable,cs_heat_vulnerable_other,cs_indoor_site_id,cs_max_seating,cs_name,cs_opening_hours,cs_postcode,cs_toilets_available,cs_wheelchair_access,has_drinking_water,has_seating,indoor_cooling_temp,is_free_of_charge,is_staffed_when_open,org_name,runtime,Tier,x,y
32,Yes,5 Hayling Way,,Barnet,"Stand up fans,Natural cooling/ventilation",," young children, older people, pregnant women ",,56,35,OneStonegrove,9am-7pm Mon-Fri. 10am-5pm Public Holidays. Closed on weekend.,,Available on site,Yes,Yes,Yes,"Cannot guarantee 26C, but the space is always cooler than the outside temperature",Yes,Yes,Stonegrove Community Trust,20250527,Tier 1,518650.11,192803.759
57,Yes,71 East Barnet Road,,Barnet,"Stand up fans,Ceiling fans",," young children, older people, pregnant women ",,89,200,Jim's Community Cafe,Monday: 9:30 - 1pm Tuesday: 9:30 - 1pm Wednesday: 9am - 7pm Thursday: 9am - 1pm (From September/October) Friday: Closed Saturday: 9am - 12noon Sunday: 9:30 - 1pm,,Available on site,Yes,Yes,Yes,"Cannot guarantee 26C, but the space is always cooler than the outside temperature",Yes,Yes,St James Church ,20250527,Tier 2,526710.337,196078.876
63,Yes,185 Mays Lane,,Barnet,Stand up fans,," young children, older people, pregnant women ",,99,75,Hope Corner Community Centre,9.30am - 2.00pm weekdays,,Available on site,Yes,Yes,Yes,"Cannot guarantee 26C, but the space is always cooler than the outside temperature",Yes,Yes,Barnet Churches Action,20250527,Tier 1,524471.378,195655.252
94,Yes,Victoria Recreation Ground,1 Lawton Road,Barnet,Air conditioning,,"Young children,Older people,Pregnant women",,572,20,New Barnet Library,Tuesday from 10am to 2pm Thursday from 4pm to 7pm Friday from 10am to 5pm Saturday from 9am to 12 noon,EN4 9BS,available on site,yes,Yes,Yes,cannot_guarantee_26c,Yes,Yes,New Barnet Library,20250527,Tier 2,526752.16,196493.06
62,Yes,7-9 Blackfen Road,,Bexley,Air conditioning,," young children, older people, pregnant women ",,96,100,Blackfen Community Library,Tue-Fri 930am-5pm Sat 930am-3pm,,Available on site,Yes,Yes,Yes,Indoor temperature of 26C or less,Yes,Yes,Blackfen Community Library,20250527,Tier 1,546305.671,174481.175
293,Yes,95 High Road,Willesden,Brent,Natural cooling/ventilation,,"Young children,Older people,Pregnant women",,710,300,Library at Willesden Green,Monday - Friday 10:30am -8pm  Saturday - 10:30am -5pm Sunday - 12pm -5pm Closed on  Bank Holidays,NW10 2SF,available on site,yes,yes,yes,cannot_guarantee_26c,yes,yes,Brent Libraries,20250805,Tier 1,522894,184598
294,Yes,"Brent Civic Centre, Engineers Way,",Wembley,Brent,Natural cooling/ventilation,,"Young children,Older people,Pregnant women",,711,200,Wembley Library,Monday to Friday: 10:30am to 8pm Saturday: 10:30am to 5pm Sunday: 12pm to 5pm Closed on Bank Holidays,HA9 0FJ,available on site,yes,yes,yes,cannot_guarantee_26c,yes,yes,Brent Libraries,20250805,Tier 1,519215,185861
306,Yes,Donnington Rd,Willesden,Brent,Natural cooling/ventilation,,"Young children,Older people",,723,50,Willesden Sports Centre,Mon to Fri 6:30 - 22:30 Sat & Sun 8:00 - 18:00 Bank holiday 10:00 - 19:00,NW10 3QX,available on site,yes,yes,yes,cannot_guarantee_26c,yes,yes,1Life Willesden Sports Centre,20250919,Tier 1,522786,183843
230,Yes,"25 Chamberlayne Rd, NW10 3NB",,Brent,"Air conditioning,Natural cooling/ventilation",,"Young children,Older people,Pregnant women",,306,10,Moberly Sports Centre,Mon-Fri - 6.30am - 10pm\nWeekends - 8am-8pm,NW10 3NB,available on site,yes,yes,yes,26c_or_less,yes,yes,Westminster City Council,20250610,Tier 1,523838.016,182823.684
87,Yes,20 Widmore Road,Bromley,Bromley,Natural cooling/ventilation,,"Older people,Other",,139,25,Bromley United Reformed Church,Mon - Fri 09.00 - 16.30 Saturday depends on room bookings - potentially 09.00 - 16.30 also Sunday - during/alongside worship service 09.30 - 12.30,BR1 1RY,available on site,yes,Yes,Yes,cannot_guarantee_26c,Yes,Yes,Bromley United Reformed Church,20250527,Tier 2,540308,169358
15,Yes,183 Euston Road,,Camden,Air conditioning,," young children, older people, pregnant women ",,23,150,Wellcome Collection,"Monday-Wednesday 10.00-18.00, Thursday 10.00-20.00, Friday-Sunday 10.00-18.00",,Available on site,Yes,Yes,Yes,Indoor temperature of 26C or less,Yes,Yes,Wellcome Collection,20250527,Tier 1,529553.918,182456.416
95,Yes,88 Avenue Road,,Camden,,,"Young children,Older people,Pregnant women",,582,25,Swiss Cottage Library,Monday to Thursday: 10am to 8pm Friday to Saturday: 10am to 5pm Sunday: closed,NW3 3HA,available on site,yes,Yes,Yes,cannot_guarantee_26c,Yes,Yes,Camden Council,20250527,Tier 1,526779,184180
107,Yes,5 Pancras Square,,Camden,Air conditioning,,"Young children,Older people,Pregnant women",,583,35,Pancras Square Library,Monday – Saturday: 8am to 8pm Sunday: 11am to 5pm,N1C 4AG,available on site,yes,Yes,Yes,26c_or_less,Yes,Yes,Camden Council,20250527,Tier 1,530036.425,183326.147
108,Yes,165 Queen's Crescent,,Camden,Air conditioning,,"Young children,Older people,Pregnant women",,584,10,Queens Crescent Library,Monday: 10am to 6pm Tuesday to Thursday: 11am to 6pm Friday to Saturday: 11am to 5pm Sunday: closed,NW5 4HH,available on site,yes,Yes,Yes,26c_or_less,Yes,Yes,Camden Council,20250527,Tier 2,528287.51,185113.05
135,Yes,2 Ossulston Street,London,Camden,Air conditioning,,"Young children,Older people,Pregnant women",,618,15,The St Pancras and Somers Town Living Centre,9am to 5pm Monday to Friday.  Saturday and Sunday vary,NW1 1DF,available on site,yes,Yes,Yes,26c_or_less,Yes,Yes,Somers Town Community Association,20250527,Tier 1,529840,183022
136,Yes,150 Ossulston Street,London,Camden,,,"Young children,Older people,Pregnant women",,619,15,Somers Town Community Centre,9am to 5pm Monday to Friday.  Saturday and Sunday vary,NW1 1EE,available on site,yes,Yes,Yes,cannot_guarantee_26c,Yes,Yes,Somers Town Community Association,20250527,Tier 1,529763,183113
203,Yes,26 Store Street,,Camden,Air conditioning,,,,624,8,Building Centre,Monday to Friday 8am to 6pm,WC1E 7BT,available on site,yes,yes,yes,26c_or_less,yes,yes,Building Centre,20250530,Tier 1,529731,181736
205,Yes,201 Drummond Street,Regent's Place,Camden,Air conditioning,,"Young children,Older people,Pregnant women,Other",homeless,623,20,Old Diorama Arts Centre,Monday - Thursday: 9am–10pm Friday & Saturday: 9am - 6pm Sunday: 10am - 6pm,NW1 3FE,available on site,yes,yes,yes,26c_or_less,yes,yes,Old Diorama Arts Centre,20250530,Tier 1,529180,182449
207,Yes,Lyncroft Gardens,,Camden,,,"Young children,Older people,Pregnant women",,626,100,Emmanuel Church,"Mon-Fri 9:30-6 Saturday 9:30-2:30 Sunday 2-6 (we are sometimes used as a concert venue which means the building is not always open free of charge, but these are fairly infrequent)",NW6 1JU,available on site,yes,yes,yes,cannot_guarantee_26c,yes,yes,Emmanuel Church,20250530,Tier 1,525420,185301
250,Yes,96 Euston Rpad,,Camden,Air conditioning,,,,666,100,British Library,Monday 09.30 – 20.00 Tuesday 09.30 – 20.00 Wednesday 09.30 – 20.00 Thursday 09.30 – 20.00 Friday 09.30 – 18.00 Saturday 09.30 – 17.00 Sunday 11.00 – 17.00,NW1 2DB,available on site,yes,yes,yes,26c_or_less,yes,yes,British Library,20250626,Tier 1,530019,182893
74,Yes,Silk Street,,City of London,Air conditioning,,"young children,older people,pregnant women",,115,50,Barbican Library,"Mon/Wed/Fri 9.30-5.30, Tues/Thurs 9.30-7.30, Sat 9.30-4",EC2Y 8DS,Available on site,Yes,Yes,Yes,Indoor temperature of 26C or less,Yes,Yes,Barbican & Community Libraries,20250527,Tier 1,532442.014,181849.88
75,Yes,1 Little New Street,,City of London,Air conditioning,,"young children,older people,pregnant women",,116,30,Shoe Lane Library,"Mon/Wed/Thurs/Fri- 9.30-5.30, Tue 9.30-6.30",EC4A 3JR,Not available,Yes,Yes,Yes,Indoor temperature of 26C or less,Yes,Yes,Barbican & Community Libraries,20250527,Tier 2,531460.625,181331.442
76,Yes,1 Artizan Street,,City of London,Air conditioning,,"young children,older people,pregnant women",,117,10,Artizan Street Library & Community Centre,"Mon 8-7, Tue-Fri 8-5.30",E1 7AF,Available on site,Yes,Yes,Yes,Indoor temperature of 26C or less,Yes,Yes,Barbican & Community Libraries,20250527,Tier 1,533553.687,181366.012
237,Yes,"Golden Lane Estate, Fann Street",London,City of London,Natural cooling/ventilation,,,,652,12,Golden Lane Community Centre,Mon-Friday   10am to 4pm Closed weekends and public holidays,EC1Y 0SA,available on site,yes,yes,yes,cannot_guarantee_26c,yes,yes,City of London Corporation,20250619,Tier 1,532228.438,182085.228
257,Yes,20 LIttle Somerset Street,London,City of London,Air conditioning,,,,675,7,Portsoken Community Centre,Monday to Friday 10am to 4pm  Not open weekends or bank holidays,E1 8AH,available on site,yes,yes,yes,26c_or_less,yes,yes,City of London Corporation,20250701,Tier 2,533700,181198
260,Yes,Holborn viaduct,London,City of London,Natural cooling/ventilation,,"Young children,Older people,Pregnant women,Other",Dementia and other neurological Condition friendly,676,250,Holy Sepulchre Church,Monday - 11am to 3pm Tuesday - 8:30am to 2.30pm Wednesday - 8:30am to 6.30pm Thursday 8:30am to 2.30pm Friday - 10am to 3pm Saturday (see website) Sundays 10-4,EC1A2DQ,available on site,yes,yes,yes,26c_or_less,yes,yes,Holy sepulchre,20250701,Tier 2,531754,181466
264,Yes,Silk Street,,City of London,"Air conditioning,Natural cooling/ventilation",,"Young children,Older people,Pregnant women,Other","We welcome all people, and offer support to those of varying needs.",680,50,Barbican Art Centre,Monday to Friday 8am — 11pm Saturday and Sunday 9am — 11pm Bank Holidays 10:30am - 11pm New Year's Day 12 noon — 11pm,EC2Y 8DS,available on site,yes,yes,yes,cannot_guarantee_26c,yes,yes,Barbican Art Centre,20250701,Tier 1,532329,181837
265,Yes,101 Queen Victoria Street,,City of London,Air conditioning,,"Young children,Older people,Pregnant women",,681,20,The Salvation Army,Mon - Fri 8am-3:30pm,EC4V 4EH,short walk and signposted from the site,yes,yes,yes,26c_or_less,yes,yes,The Salvation Army,20250704,Tier 2,532127,180919
267,Yes,Byward Street,London,City of London,Natural cooling/ventilation,,"Young children,Older people,Pregnant women",,683,100,All Hallows by the Tower,"Monday, Tuesday, Thursday, Friday: 8am - 5pm Wednesday: 8am - 7pm Saturday: 10am - 5pm Sunday: 11am - 5pm Bank Holidays: closed apart from services",EC3R 5BJ,short walk and signposted from the site,yes,yes,yes,cannot_guarantee_26c,yes,yes,All Hallows by the Tower,20250709,Tier 1,533395,180682
268,Yes,Bishopsgate,London,City of London,"Natural cooling/ventilation,Other",Church has well insulated walls that in the summer keep the heat out,"Young children,Older people,Pregnant women",,684,250,St Botolph without Bishopsgate Church,Mon - Fri 7.30am - 5.30pm,EC2M 3TL,short walk and signposted from the site,yes,yes,yes,cannot_guarantee_26c,yes,yes,St Botolph without Bishopsgate Church,20250709,Tier 1,533227,181517
276,Yes,15-17 New Square Street,Nevill Lane,City of London,Air conditioning,,"Young children,Older people,Pregnant women",,693,50,Natural Kitchen,Monday - Friday 7:30am - 4:00pm Sat-Sun Closed,EC4A 3AP,available on site,yes,yes,yes,26c_or_less,yes,yes,Natural Kitchen,20250716,Tier 2,531339,181337
277,Yes,1A Copthall Ave,Angel Court,City of London,Air conditioning,,"Young children,Older people,Pregnant women",,694,50,Natural Kitchen,Mon - Thursday 8:00am - 10:00pm Friday 11:30am - 10:00pm Sat - Sunday Closed,EC2R 7BH,available on site,yes,yes,yes,26c_or_less,yes,yes,Natural Kitchen,20250716,Tier 2,532756,181374
285,Yes,12 Jewry Street,,City of London,Natural cooling/ventilation,,"Young children,Older people",,702,30,City Wall at Vine Street museum,Mon-Sun 10-5pm Closed Bank Holidays,EC3N 2HT,available on site,yes,yes,yes,cannot_guarantee_26c,yes,yes,Urbanest,20250724,Tier 1,533542,180970
297,Yes,3 Aldermanbury,,City of London,Air conditioning,,,,714,50,The London Centre,Monday: Closed  Tuesdays-Saturdays: 11am-5pm Sunday: Closed,EC2V 7HH,available on site,yes,yes,yes,26c_or_less,yes,yes,The London Centre,20250808,Tier 2,532513,181353
307,Yes,Fore St (Barbican),London,City of London,Natural cooling/ventilation,,"Young children,Older people,Pregnant women",,724,400,St Giles’ Church Cripplegate,Sunday - Weds and Friday: 0800-1800 Thursday and Saturday: 1000–1600 (often longer),EC2Y 8DA,available on site,yes,yes,yes,26c_or_less,yes,yes,"St Giles’ Church, Cripplegate",20250919,Tier 1,532348,181702
308,Yes,Guildhall Yard,,City of London,Air conditioning,,"Young children,Pregnant women",,725,27,Guildhall Art Gallery & London's Roman Amphitheatre,Monday-Sunday: 10am to 5pm,EC2V 5AE,available on site,yes,yes,yes,cannot_guarantee_26c,yes,yes,City of London Corporation,20250919,Tier 1,532495,181320
5,Yes,Cherington Road,,Ealing, Natural cooling/ventilation ,," young children, older people, pregnant women ",,3,20,Hanwell Community Library,"Monday- Closed, Tuesday 10-1 then 2-5, Wednesday 10-1 then 2-5, Thursday 2-5, Friday 10-1 then 2-5, Saturday 10-4, Sunday- Closed",,Available on site,Yes,Yes,Yes,"Cannot guarantee 26C, but the space is always cooler than the outside temperature",Yes,Yes,Ealing (Libraries),20250527,Tier 2,515566,180312
6,Yes,66 Church Street,,Enfield, Natural cooling/ventilation ,," young children, older people, pregnant women ",,4,40,Enfield Town Library,"Monday, Tuesday and Thursday 9am-8pm. wednesday, Friday and Saturday 9am-5.30pm. Sunday 12-4pm. Closed on public holidays",EN2 6AX,Available on site,Yes,Yes,Yes,I don’t know/ it’s not possible to  monitor indoor temperature,Yes,Yes,Enfield (Libraries),20250527,Tier 1,532493,196500
101,Yes,Broomfield Lane,,Enfield,Air conditioning,,"Young children,Older people,Pregnant women",,576,50,Palmers Green Library,"Monday, Tuesday, Thursday 9-8pm Friday 9-5.30pm Saturday 9-5pm  Closed on Public Holidays.",N13 4EY,available on site,yes,Yes,Yes,cannot_guarantee_26c,Yes,Yes,Enfield Council,20250527,Tier 1,530909.91,192440.99
102,Yes,36-44 South Mall,,Enfield,"Air conditioning,Natural cooling/ventilation",,"Young children,Older people,Pregnant women",,577,100,Edmonton Green Library,"Monday	 09:00 - 19:00  Tuesday	 09:00 - 19:00  Wednesday	 09:00 - 19:00  Thursday	 09:00 - 19:00  Friday	 09:00 - 17:30  Saturday	 09:00 - 17:00  Sunday	 Closed",N90TN,available on site,yes,Yes,Yes,cannot_guarantee_26c,Yes,Yes,London Borough of Enfield,20250527,Tier 1,534488,193358
103,Yes,645 Hertford road,,Enfield,Air conditioning,,"Young children,Older people,Pregnant women",,578,150,Ordnance Unity Centre library,Mon 9am-8pm Tuesday 9am-8pm Wednesday - closed Thursday 9am-8pm Friday 9am-5.30pm Saturday 9am-5pm,EN3 6ND,available on site,yes,Yes,Yes,cannot_guarantee_26c,Yes,Yes,Ordnance Unity Centre Library,20250527,Tier 1,535676,198853
12,Yes,Peninsula Square,,Greenwich,"Natural cooling/ventilation,Air conditioning",," young children, older people, pregnant women ",,19,"5,000",The O2,10:00 - 01:00 daily (except 25th Dec),,Available on site,Yes,Yes,Yes,"Cannot guarantee 26C, but the space is always cooler than the outside temperature",Yes,Yes,AEG Europe,20250527,Tier 1,539130.526,180122.451
17,Yes,105 Powys Street,,Greenwich,Air conditioning,," young children, older people, pregnant women ",,25,30,Woolwich Front Room,Tuesday to Saturday 11am to 4.30pm,,Available on site,Yes,Yes,Yes,Indoor temperature of 26C or less,Yes,Yes,GCDA,20250527,Tier 2,543415.306,179024.939
42,Yes,Eysham Drive,,Greenwich,"Air conditioning,Stand up fans,Natural cooling/ventilation",," young children, older people, pregnant women ",,79,8,Abbey Wood Library,Mon 14:00 - 19:00 Tue 09:00 - 13:00 and 14:00 - 17:30 Wed Closed Thu 14:00 - 19:00 Fri 09:00 - 13:00 and 14:00 - 17:30 Sat 09:00 - 13:00 and 14:00 - 17:00 Sun Closed,,Not available,Yes,Yes,Yes,Indoor temperature of 26C or less,Yes,Yes,Greenwich Leisure Limted,20250527,Tier 2,546593.268,179266.053
43,Yes,Old Dover Road,,Greenwich,"Air conditioning,Stand up fans,Natural cooling/ventilation",," young children, older people, pregnant women ",,80,35,Blackheath Library,Mon-Sat 9am - 5.00pm Sundays closed,,Available on site,Yes,Yes,Yes,Indoor temperature of 26C or less,Yes,Yes,Greenwich Leisure Limited,20250527,Tier 1,540462.284,177271.238
44,Yes,William Barefoot Drive,,Greenwich,"Stand up fans,Air conditioning,Natural cooling/ventilation",,"young children,older people",,82,6,Coldharbour Library,Mon 14:00 - 19:00 Tue 09:00 - 13:00 and 14:00 - 17:30 Wed Closed Thu 14:00 - 19:00 Fri 09:00 - 13:00 and 14:00 - 17:30 Sat 09:00 - 13:00 and 14:00 - 17:00 Sun Closed,,Available on site,Yes,Yes,Yes,Indoor temperature of 26C or less,Yes,Yes,Greenwich Leisure Limited,20250527,Tier 2,543542.518,172550.718
45,Yes,12 Lambarde Square,,Greenwich,"Air conditioning,Stand up fans,Natural cooling/ventilation",," young children, older people, pregnant women ",,74,70,Greenwich Centre Library,Mon - Tue 10:00 - 18:00 Wed 10:00 - 20:00 Thu - Fri 10:00 - 18:00 Sat 10:00 - 17:00 Sun 12:00 - 16:00,,Available on site,Yes,Yes,Yes,Indoor temperature of 26C or less,Yes,Yes,Greenwich Leisure Limited,20250527,Tier 1,539529.08,178103.562
46,Yes,Southwood Road,,Greenwich,"Air conditioning,Stand up fans,Natural cooling/ventilation",,"young children,older people",,83,20,New Eltham Library,Mon 14:00 - 19:00 Tue 09:00 - 17:30 Wed Closed Thu 14:00 - 19:00 Fri 09:00 - 17:30 Sat 09:00 - 17:00 Sun Closed,,Available on site,Yes,Yes,Yes,Indoor temperature of 26C or less,Yes,Yes,Greenwich Leisure Limited,20250527,Tier 2,544055.386,172936.893
47,Yes,232 Plumstead High Street,,Greenwich,"Air conditioning,Natural cooling/ventilation",," young children, older people, pregnant women ",,75,50,Plumstead Centre Library,Mon-Sat 9am - 5.00pm Sundays closed,,Available on site,Yes,Yes,Yes,Indoor temperature of 26C or less,Yes,Yes,Greenwich Leisure Limited,20250527,Tier 1,545669.656,178478.278
48,Yes,Thamesmere Drive,,Greenwich,"Air conditioning,Stand up fans,Natural cooling/ventilation",," young children, older people, pregnant women ",,77,20,Thamesmere Library,Mon-Sat 9am - 5.00pm Sundays closed,,Available on site,Yes,Yes,Yes,Indoor temperature of 26C or less,Yes,Yes,Greenwich Leisure Limited,20250527,Tier 1,546448.752,180833.332
49,Yes,35 Wellington Street,,Greenwich,"Air conditioning,Stand up fans,Ceiling fans,Natural cooling/ventilation",," young children, older people, pregnant women ",,78,70,Woolwich Library,Mon-Sat 9am - 5.00pm Sundays closed,,Available on site,Yes,Yes,Yes,Indoor temperature of 26C or less,Yes,Yes,Greenwich Leisure Limited,20250527,Tier 1,543505.413,178722.797
50,Yes,"Erindale, Plumstead",,Greenwich,"Air conditioning,Stand up fans,Natural cooling/ventilation",," young children, older people, pregnant women ",,76,7,Slade Centre Library,Mon 14:00 - 19:00 Tue 09:00 - 13:00 and 14:00 - 17:30 Wed Closed Thu 14:00 - 19:00 Fri 09:00 - 13:00 and 14:00 - 17:30 Sat 09:00 - 13:00 and 14:00 - 17:00 Sun Closed,,Available on site,Yes,Yes,Yes,Indoor temperature of 26C or less,Yes,Yes,Greenwich Leisure Limited,20250527,Tier 2,544905.239,177629.563
51,Yes,Archery Road,,Greenwich,"Air conditioning,Stand up fans,Natural cooling/ventilation",," young children, older people, pregnant women ",,73,40,Eltham Library,Seven days a week 9am - 5.30pm,,Available on site,Yes,Yes,Yes,Indoor temperature of 26C or less,Yes,Yes,Greenwich Leisure Limited,20250527,Tier 1,543022.919,174555.954
53,Yes,Charlton Road,,Greenwich,"Stand up fans,Natural cooling/ventilation",,"young children,older people",,81,4,Charlton House Library,Mon 14:00 - 19:00 Tue 09:00 - 13:00 and 14:00 - 17:30 Wed Closed Thu 14:00 - 19:00 Fri 09:00 - 13:00 and 14:00 - 17:30 Sat 09:00 - 13:00 and 14:00 - 17:00 Sun Closed,,Available on site,Yes,Yes,Yes,Indoor temperature of 26C or less,Yes,Yes,Greenwich Leisure Limited,20250527,Tier 2,541536.476,177701.635
54,Yes,"Greenwich High Road,",,Greenwich,"Air conditioning,Stand up fans,Natural cooling/ventilation",," young children, older people, pregnant women ",,84,20,West Greenwich Library,Mon 14:00 - 19:00 Tue 09:00 - 17:30 Wed Closed Thu 14:00 - 19:00 Fri 14:00 - 17:30 Sat 09:00 - 17:00 Sun Closed,,Not available,Yes,Yes,Yes,Indoor temperature of 26C or less,Yes,Yes,Greenwich Leisure Limited,20250527,Tier 2,538184.609,177336.873
123,Yes,107 Brookhill Road,Woolwich,Greenwich,Natural cooling/ventilation,,"Older people,Other",Street homeless,606,50,The Woolwich Service Users Project,Mon: 10am - 3pm Tues: 10am - 2pm Sat: 10am - 2pm Closed on public holidays.,SE18 6BJ,available on site,yes,Yes,Yes,cannot_guarantee_26c,Yes,Yes,Woolwich Service Users Project,20250527,Tier 2,543593.48,178569.88
213,Yes,76 Hornfair Road,Charlton,Greenwich,"Air conditioning,Natural cooling/ventilation",,"Older people,Other",Cared for People,634,50,Greenwich Carers Centre,"Monday - Friday, 9am - 5pm  Weekends and Public Holidays closed",SE7 7BD,available on site,yes,yes,yes,cannot_guarantee_26c,yes,yes,Greenwich Carers Centre,20250530,Tier 1,541630,177420
217,Yes,360 Middle Park Avenue,London,Greenwich,Natural cooling/ventilation,,Other,Clients experiencing homelessness and those at risk of homelessness,641,20,Greenwich Homeless Project - Day Centre,Mondays 9am-1pm Wednesdays 9am-3pm Fridays 9am-1pm,SE9 5QH,available on site,no,yes,yes,cannot_guarantee_26c,yes,yes,Greenwich Homeless Project,20250604,Tier 2,542335.2,173348.6
233,Yes,7 Durnford Street,Greenwich,Greenwich,"Stand up fans,Natural cooling/ventilation",,"Young children,Older people,Pregnant women",,649,50,Artfix,Mon - Sun 08:00 - 20:00,SE10 9BF,available on site,yes,yes,yes,26c_or_less,yes,yes,Artfix,20250613,Tier 1,538315.85,177686.54
234,Yes,1 Cranfield Walk,Kidbrooke,Greenwich,Air conditioning,,"Young children,Older people,Pregnant women",,650,100,Artfix,Mon - Sun 08:00 - 20:00,SE3 9EX,available on site,yes,yes,yes,26c_or_less,yes,yes,Artfix,20250613,Tier 1,540661,175579
305,Yes,8 Pegler Square,Kidbrooke,Greenwich,Air conditioning,,"Young children,Older people,Pregnant women",,722,100,Kidbrooke community hub,Monday - Friday 8am till 6pm Sat 8am till 12 noon Sunday 8am till 1pm,SE3 9GR,available on site,yes,yes,yes,26c_or_less,yes,yes,GCDA - Kidbrooke Community Hub,20250813,Tier 1,540934.79,175499.68
1,Yes,80 Eastway,,Hackney,Air conditioning,," young children, older people, pregnant women ",,29,100,The Baths,7am - 10pm daily,,Available on site,Yes,Yes,Yes,Indoor temperature of 26C or less,Yes,Yes,Civic State,20250527,Tier 1,536748.959,184970.873
8,Yes,39a Newington Green,,Hackney,Natural cooling/ventilation,," young children, older people, pregnant women ",,8,20,Newington Green Meeting House,"Thursdays 12pm - 6pm, Fridays 12pm - 6pm, closed on bank holidays",,Available on site,Yes,Yes,Yes,"Cannot guarantee 26C, but the space is always cooler than the outside temperature",Yes,Yes,New Unity CIO,20250527,Tier 2,532879.287,185432.25
78,Yes,Northwold Road,,Hackney,Air conditioning,,"Young children,Older people,Pregnant women",,119,50,Clapton Library,"Mon, Tues and Thurs 10am to 8pm Wed 1pm to 6pm Fri 10am to 6pm Sat 10am to 5pm Closed on public holidays",E5 8RA,available on site,yes,Yes,Yes,26c_or_less,Yes,Yes,London Borough of Hackney,20250527,Tier 1,534210.919,186653.578
79,Yes,Homerton High Street,,Hackney,Air conditioning,,"Young children,Older people,Pregnant women",,120,50,Homerton Library,"Mon, Tues and Thurs 10am to 8pm Wed 1pm to 6pm Fri 10am to 6pm Sat 10am to 5pm Closed on public holidays",E9 6AS,available on site,yes,Yes,Yes,26c_or_less,Yes,Yes,London Borough of Hackney,20250527,Tier 1,535883.052,185126.802
80,Yes,Portland Avenue,,Hackney,Stand up fans,,"Young children,Older people,Pregnant women",,121,50,Stamford Hill Library,Mon to Thurs 9am to 8pm Fri 9am to 6pm Sat 9am to 5pm Sun 1pm to 5pm Closed on public holidays,N16 6SB,available on site,yes,Yes,Yes,cannot_guarantee_26c,Yes,Yes,London Borough of Hackney,20250527,Tier 1,533660.69,187504.785
81,Yes,Collins Tower,Dalston Square,Hackney,Natural cooling/ventilation,,"Young children,Older people,Pregnant women",,123,80,Dalston CLR James Library,Mon to Thurs 9am to 8pm Fri 9am to 6pm Sat 9am to 5pm Sun 1pm to 5pm Closed on public holidays,E8 3BQ,available on site,yes,Yes,Yes,cannot_guarantee_26c,Yes,Yes,London Borough of Hackney,20250527,Tier 1,533660.41,184738.82
82,Yes,1 Reading Lane,,Hackney,Air conditioning,,"Young children,Older people,Pregnant women",,124,80,Hackney Central Library,Mon to Thurs 9am to 8pm Fri 9am to 6pm Sat 9am to 5pm Closed on public holidays,E8 1GQ,available on site,yes,Yes,Yes,26c_or_less,Yes,Yes,London Borough of Hackney,20250527,Tier 1,534895,184633
83,Yes,80 Hoxton Street,,Hackney,Air conditioning,,"Young children,Older people,Pregnant women",,125,80,Shoreditch Library,Mon to Thurs 10am to 8pm Fri 10am to 6pm Sat 10am to 5pm Closed on public holidays,N1 6LP,available on site,yes,Yes,Yes,26c_or_less,Yes,Yes,London Borough of Hackney,20250527,Tier 1,533293.16,182936.51
105,Yes,Kayani Avenue,,Hackney,"Air conditioning,Natural cooling/ventilation",,"Young children,Older people,Pregnant women",,580,25,Redmond Community Centre,Monday-Friday: 9am-6pm Saturday-Sunday: Closed Bank holidays: Closed,N4 2HF,available on site,yes,Yes,Yes,cannot_guarantee_26c,Yes,Yes,London Development Trust,20250527,Tier 1,532363.23,187465.67
88,Yes,1a Aisgill Avenue,,Hammersmith and Fulham,Air conditioning,,"Young children,Older people,Pregnant women",,140,50,Earls Court Community Hub,Monday : 9:00 - 15:00 Tuesday: 10:00 - 19:30 Wednesday: 10:00 - 15:00 Thursday: 10:00 - 20:30 Friday: 10:00 - 21:00,W14 9NF,available on site,yes,Yes,Yes,26c_or_less,Yes,Yes,Earls Court Development Company,20250527,Tier 2,524998,178061
7,Yes,159 High Road,"Wood Green, London",Haringey, Air conditioning ,," older people, pregnant women ",,6,6,The Mall Wood Green - Guest Lounge,Mon to Sat 9:30am to 5:30pm. Sun 11am – 5pm,,Available on site,Yes,Yes,Yes,Indoor temperature of 26C or less,Yes,Yes,London Borough of Haringey,20250527,Tier 1,531043.258,190106.637
13,Yes,"Unit A, Lebus Street, Hale Village",,Haringey,Natural cooling/ventilation,," young children, older people, pregnant women ",,21,50,The Engine Room,0900-1700 Monday to Friday,,Available on site,Yes,Yes,Yes,Indoor temperature of 26C or less,Yes,Yes,St Francis at The Engine Room,20250527,Tier 1,534702.429,189666.756
37,Yes,"Jacksons Lane, 269A Archway Road",,Haringey,"Stand up fans,Natural cooling/ventilation,other",," young children, older people, pregnant women ",,70,60,Jacksons Lane,"Monday-Saturday 10am-10pm, Sundays 10am-6pm.",,Available on site,Yes,Yes,Yes,"Cannot guarantee 26C, but the space is always cooler than the outside temperature",Yes,Yes,Jacksons Lane,20250527,Tier 1,528637.212,188058.023
39,Yes,Unit 17A The Mall,,Haringey,"Air conditioning,Natural cooling/ventilation",," young children, older people, pregnant women ",,63,50,The RecordShop,Wednesday - Friday from 10 - 6pm and flexible on Weekends. Please enquire. ,,Available on site,Yes,Yes,Yes,Indoor temperature of 26C or less,Yes,Yes,The RecShop CIC,20250527,Tier 2,531061.779,190137.112
86,Yes,187-197A High Road Wood Green,,Haringey,"Air conditioning,Natural cooling/ventilation",,,,129,50,Wood Green library,"Mon,Tues,Thurs,Fri 9am-7pm Weds 10am-7pm Sat 9am-5pm Sun 12pm-4pm",N22 6XD,available on site,yes,Yes,Yes,26c_or_less,Yes,Yes,Haringey Council,20250527,Tier 1,531034,190212
89,Yes,AX107 Selby centre,Selby Road,Haringey,"Stand up fans,Natural cooling/ventilation",,Young children,,142,40,BYEP free open space,"Tue, Thu and Fr 10am - 5pm Sat 10am - 7pm",N17 8JL,available on site,no,Yes,Yes,cannot_guarantee_26c,Yes,Yes,Billy Youth Engagement Project,20250527,Tier 2,533160,191430
202,Yes,Adams Road,,Haringey,Natural cooling/ventilation,,"Young children,Older people",,630,100,"Jazz Cafe , Broadwater Farm Community Centre",Tuesday 10am-4pm Wednesday 10am-4pm Friday 10am-4pm,N176HG,available on site,yes,yes,yes,cannot_guarantee_26c,yes,yes,Wheely Tots ( Moselle Community Project ),20250530,Tier 2,532776,190279
214,Yes,123,High Cross Road,Haringey,Air conditioning,,"Young children,Older people,Pregnant women",,636,50,IVO Tottenham Community  Hub,Monday to Friday 10 am to 5pm Saturday 11am to 5pm Sunday 12 noon to 4pm,N17 9NR,available on site,yes,yes,yes,26c_or_less,yes,yes,Innovative Vision Organisation,20250530,Tier 1,534086,189572
215,Yes,Haringey Park,,Haringey,Natural cooling/ventilation,,,,637,30,Hornsey Library,Mon/Tues/Thurs/Fri - 9:00am - 7:00pm Weds - 10:00am - 7:00pm Sat - 9:00am - 5:00pm Sun - 12:00pm - 4:00pm,N8 9JA,available on site,yes,yes,yes,cannot_guarantee_26c,yes,yes,Hornsey Library,20250530,Tier 1,530259,188283
218,Yes,"Finsbury Park, Hornsey Gate",Endymion Road,Haringey,Natural cooling/ventilation,,"Young children,Older people,Pregnant women",,642,60,Finsbury Park Cafe,Monday - Sunday 9.00am to 6.00pm,N4 1EE,available on site,yes,yes,yes,cannot_guarantee_26c,yes,yes,Finsbury Park Cafe,20250604,Tier 1,531512.299,187394.688
220,Yes,Tottenham Green Leisure Centre,"1 Philip Lane, London",Haringey,Air conditioning,,"Young children,Older people,Pregnant women",,644,100,Marcus Garvey Library,"Monday, Tuesday, Thursday, Friday 9am to 7pm Wednesday 10am to 7pm Saturday 9am to 5pm Sunday 12 noon to 4pm Closed on public holidays",N15 4JA,available on site,yes,yes,yes,26c_or_less,yes,yes,Haringey Libraries,20250604,Tier 1,533522,189460
61,Yes,Chicheley Road,,Harrow,"Air conditioning,Stand up fans",," young children, older people, pregnant women ",,93,50,Cedars Youth & Community Centre,9am - 9pm Monday - Friday and 9am - 5pm Saturdays,,Available on site,Yes,Yes,Yes,Indoor temperature of 26C or less,Yes,Yes,Watford FC Community Sports & Education Trust,20250527,Tier 1,514158.989,191193.972
235,Yes,Kenmore Park Hall,Warneford Road,Harrow,Stand up fans,,"Young children,Older people,Pregnant women",,653,100,RCCT Community Hub,"Monday and Wednesday 9 to 2pm Tuesday, Thursday and Friday 9 to 5pm",HA3 9HY,available on site,yes,yes,yes,cannot_guarantee_26c,yes,yes,RCCT CIC,20250619,Tier 2,517977.805,189642.33
295,Yes,Chippenham Road,Harold Hill,Havering,,,,,712,50,St Georges Church,Mondays and Thursday  10am – 2pm,RM3 8HX,available on site,yes,yes,yes,cannot_guarantee_26c,yes,yes,St Georges Church,20250805,Tier 2,553780.58,191959.8
296,Yes,Petersfield Avenue,Harold Hill,Havering,,,,,713,50,Salvation Army Centre (Harold Hill),Monday 10am – 2pm Tuesday 10am – 1pm - Coffee Morning,RM3 9PP,available on site,yes,yes,yes,cannot_guarantee_26c,yes,yes,Salvation Army,20250805,Tier 2,555018.66,191794.67
99,Yes,Windsor Street,Uxbridge,Hillingdon,"Natural cooling/ventilation,Other",Traditional stone church building. Always remains cool.,"Young children,Older people,Pregnant women",,573,150,St Margaret's Church Uxbridge,Mondays 11am to 1pm - open for drop in Fridays 11am to 1pm - open for drop in Wednesday 12:30pm - open for church service Sunday 10am - open for church service,UB8 1AB,available on site,yes,Yes,Yes,cannot_guarantee_26c,Yes,Yes,Church of England,20250527,Tier 2,505517,184073
221,Yes,"Civic Centre, High Street, Uxbridge",,Hillingdon,"Air conditioning,Natural cooling/ventilation",,"Young children,Older people,Pregnant women",,645,95,Uxbridge Library,Monday 9am to 7pm  Tuesday 9am to 7pm  Wednesday 9am to 5pm  Thursday 9am to 7pm  Friday 9am to 5pm  Saturday 9am to 5pm  Sunday 10am to 1pm  Bank holidays Closed,UB8 1UW,available on site,yes,yes,yes,26c_or_less,yes,yes,Uxbridge Library,20250606,Tier 1,505721.262,183813.521
222,Yes,"Linden Avenue, Ruislip Manor",,Hillingdon,"Air conditioning,Natural cooling/ventilation",,"Young children,Older people,Pregnant women",,646,50,Ruislip Manor Library,Monday 9am to 7pm Tuesday 9am to 7pm Wednesday 9am to 5pm Thursday 9am to 7pm Friday 9am to 5pm Saturday 9am to 5pm Sunday Closed Bank holidays Closed,HA4 8TW,available on site,yes,yes,yes,26c_or_less,yes,yes,Ruislip Manor Library,20250606,Tier 1,510179.766,187134.902
223,Yes,Bury Avenue  Hayes,,Hillingdon,Air conditioning,,"Young children,Older people,Pregnant women",,647,30,Charville Library,"Monday	Closed Tuesday	10am to 1pm and 2pm to 5pm Wednesday 10am to 1pm and 2pm to 5pm Thursday 10am to 1pm and 2pm to 5pm Friday	10am to 1pm  and 2pm to 5pm Saturday 10am to 2pm Sunday	Closed",UB4 8LF,available on site,yes,yes,yes,26c_or_less,yes,yes,Charville Library,20250609,Tier 2,509168.691,182967.671
224,Yes,Victoria Road South Ruislip,,Hillingdon,"Air conditioning,Natural colling/ventilation",,"Young children,Older people,Pregnant women",,648,10,South Ruislip Library,"Monday 10am to 1pm and 2pm to 5pm Tuesday 10am to 1pm and 2pm to 7pm Wednesday Closed Thursday 10am to 1pm and 2pm to 5pm Friday	10am to 1pm and 2pm to 5pm Saturday 10am to 1pm and 2pm to 4pm Sunday Closed",HA4 0JE,available on site,yes,yes,yes,26c_or_less,yes,yes,South Ruislip Library,20250609,Tier 1,511361.86,185498.3
243,Yes,Sutton Court Road,,Hillingdon,Air conditioning,,"Young children,Older people,Pregnant women",,659,40,Oak Farm Library,Monday 10am to 7pm Tuesday 10am to 5pm Wednesday 10am to 5pm Thursday 10am to 7pm Friday 10am to 5pm Saturday 10am to 4pm Sunday Closed Bank holidays Closed,UB10 9PB,available on site,yes,yes,yes,26c_or_less,yes,yes,Oak Farm Library,20250626,Tier 1,507577.247,183657.62
287,Yes,Hounslow House,7 Bath Road,Hounslow,Air conditioning,,"Young children,Older people,Pregnant women",,704,60,Hounslow House Community Hub and Library,Monday: 9:30am to 8pm Tuesday: 9:30am to 5:30pm Wednesday: 9:30am to 5:30pm Thursday: 9:30am to 8pm Friday: 9:30am to 5:30pm Saturday: 9:30am to 5:30pm Sunday: 11:30am to 4pm,TW3 3EB,available on site,yes,yes,yes,26c_or_less,yes,yes,London Borough of Hounslow,20250724,Tier 1,513490.48,175689.89
288,Yes,"210 The Centre, High Street",Feltham,Hounslow,Air conditioning,,"Young children,Older people,Pregnant women",,705,30,Feltham Community Hub and Library,Monday: 9am to 8pm Tuesday: 9am to 5:30pm Wednesday: 9am to 5:30pm Thursday: 9am to 8pm Friday: 9am to 5:30pm Saturday: 9:30am to 5:30pm Sunday: Closed,TW13 4GU,available on site,yes,yes,yes,26c_or_less,yes,yes,London Borough of Hounslow,20250724,Tier 1,510516.6,173127.6
289,Yes,Uxbridge Road,Hanworth,Hounslow,Air conditioning,,"Young children,Older people,Pregnant women",,706,20,Hanworth Air Park Leisure Centre and Library,Monday: 9:30am to 8pmTuesday: 9:30am to 5:30pmWednesday: Closed Thursday: 9:30am to 8pmFriday: ClosedSaturday: 9:30am to 5:30pmSunday: Closed,TW13 5EG,available on site,yes,yes,yes,26c_or_less,yes,yes,London Borough of Hounslow,20250724,Tier 2,512016.8,172544.3
2,Yes,1-3 Elliott's Place,,Islington,Air conditioning,," young children, older people, pregnant women ",,30,20,Chabad Lubavitch of Islington,weekday: 9am to 4pm. weekend: closed. public holiday: closed,,Available on site,No,Yes,Yes,Indoor temperature of 26C or less,Yes,Yes,Chabad Lubavitch of Islington CIO,20250527,Tier 2,531819.943,183696.461
3,Yes,90 Central Street ,,Islington," Air conditioning, Natural cooling/ventilation ",," young children, older people, pregnant women ",,1,40,St Luke's community centre,"Mon - Friday - 9am - 7pm, Sat, Sun - closed",,Available on site,Yes,Yes,Yes,"Cannot guarantee 26C, but the space is always cooler than the outside temperature",Yes,Yes,St Luke's community centre,20250527,Tier 1,532162,182560
31,Yes,YERBURY ROAD,,Islington,"Natural cooling/ventilation,Stand up fans",," young children, older people, pregnant women ",,43,20,Whittington Park Lounge ,MONDAYS TO THURSDAY 10am-4pm,,Available on site,Yes,Yes,Yes,"Cannot guarantee 26C, but the space is always cooler than the outside temperature",Yes,Yes,whittington park community association ,20250527,Tier 2,529744.383,186353.645
64,Yes,Woodville Road,,Islington,Natural cooling/ventilation,," young children, older people, pregnant women ",,31,20,Mildmay Community Centre ,"Monday, 09:30 to 15:00 and 17:00 to 19:30; Tuesday, 09:30 to 20:30; Wednesday, 09:30 to 15:00; Thursday, 09:30 to 15:00; Friday, 15:00 to 20:30. ",N16 8NA,Available on site,Yes,Yes,Yes,"Cannot guarantee 26C, but the space is always cooler than the outside temperature",Yes,Yes,MILDMAY COMMUNITY PARTNERSHIP,20250527,Tier 1,533116,185298
20,Yes,"Royal Hospital Road, Chelsea",,Kensington and Chelsea,Air conditioning,," young children, older people, pregnant women ",,32,0,National Army Museum,10.00 -17.30 (17.00 Last Admission),,Available on site,Yes,Yes,Yes,Indoor temperature of 26C or less,Yes,Yes,National Army Museum,20250527,Tier 1,527827.346,178026.347
56,Yes,St Mary's Church,,Kensington and Chelsea,Natural cooling/ventilation,," young children, older people, pregnant women ",,86,220,St Mary The Boltons,8.30am - 5.30pm Monday - Friday; 9am - 12pm Saturday. Open for services 8am - 12noon on Sundays. Closed on bank holidays. ,,Available on site,Yes,Yes,Yes,"Cannot guarantee 26C, but the space is always cooler than the outside temperature",Yes,Yes,St Mary The Boltons,20250527,Tier 1,526172.731,178301.048
84,Yes,51 Philbeach gardens,,Kensington and Chelsea,"Stand up fans,Natural cooling/ventilation",,"Older people,Other",,127,80,Refettorio Felix at St Cuthbert's,Monday - Friday 12.00pm - 2.00pm,SW5 9EB,available on site,no,Yes,Yes,26c_or_less,Yes,Yes,Refettorio Felix,20250527,Tier 2,525131,178356
124,Yes,12 Phillimore Walk,London,Kensington and Chelsea,Natural cooling/ventilation,,"Young children,Older people",,607,200,Kensington Central Library,"Monday, Tuesday and Thursday - 9.30am to 8pm Wednesday, Friday, Saturday: 9.30am to 5pm Sunday: CLOSED",W8 7RX,available on site,yes,Yes,Yes,cannot_guarantee_26c,Yes,Yes,Royal Borough of Kensington and Chelsea Libraries,20250527,Tier 1,525421.08,179597.99
125,Yes,Old Town Hall King's Road,London,Kensington and Chelsea,Air conditioning,,"Young children,Older people",,608,100,Chelsea Library,"Monday, Tuesday & Thursday: 9.30am to 8pm Wednesday, Friday, Saturday: 9.30am to 5pm Sunday: CLOSED",SW3 5EE,available on site,yes,Yes,Yes,26c_or_less,Yes,Yes,Royal Borough of Kensington and Chelsea Libraries,20250527,Tier 1,527281,178093
126,Yes,210 Old Brompton Road,London,Kensington and Chelsea,Natural cooling/ventilation,,"Young children,Older people",,609,30,Brompton Library,"Monday, Tuesday & Thursday: 9.30am to 8pm Wednesday, Friday, Saturday: 9.30am to 5pm Sunday: CLOSED",SW5 0BS,available on site,yes,Yes,Yes,cannot_guarantee_26c,Yes,Yes,Royal Borough of Kensington and Chelsea Libraries,20250527,Tier 1,525869,178348
128,Yes,108 Ladbroke Grove,London,Kensington and Chelsea,Natural cooling/ventilation,,"Young children,Older people",,611,35,North Kensington Library,"Mondays, Tuesdays and Thursdays: 9.30am to 8pm Wednesdays 10am to 5pm Fridays and Saturdays: 9.30am to 5pm Sundays: CLOSED",W11 1PZ,short walk and signposted from the site,yes,Yes,Yes,cannot_guarantee_26c,Yes,Yes,Royal Borough of Kensington and Chelsea Libraries,20250527,Tier 1,524353,181269
129,Yes,20 Golborne Rd,London,Kensington and Chelsea,Natural cooling/ventilation,,,,612,15,Kensal Library,Mondays: 1pm to 6pm Tuesdays: 1pm to 6pm Wednesdays: Closed  Thursdays: 1pm to 6pm Fridays: 9.30am to 5pm  Saturdays: 9.30am to 5pm (closed for 1 hour at 1pm),W10 5PF,available on site,yes,Yes,Yes,cannot_guarantee_26c,Yes,Yes,RBKC Libraries,20250527,Tier 2,524496,182071
134,Yes,Holland Road,,Kensington and Chelsea,"Natural cooling/ventilation,Other",Our stone vault and high (17m) ceilings make us a naturally cooled venue.  We are always much cooler than outside temperatures.,"Young children,Older people,Pregnant women,Other","Everyone is welcome regardless of faith, orientation, age or background.",617,500,"St John the Baptist, Holland Road",Core hours are: Monday-Friday 15:00-17:00 Saturday 09:00-12:00 Sunday 17:00-20:00 we're also open lots of other times too - if the door's open everyone is welcome. Closed bank holidays.,W14 8AH,available on site,yes,Yes,Yes,cannot_guarantee_26c,Yes,Yes,"St John the Baptist, Holland Road",20250527,Tier 2,524060,179721
137,Yes,103a Wornington Road,Faraday House,Kensington and Chelsea,Natural cooling/ventilation,,"Young children,Older people,Pregnant women",,621,40,Venture Centre,Monday - Friday 10.00am -7.00pm Saturday - 10.00am - 4.00pm  Sunday - 12.00pm - 3.00pm  Bank holidays - open (closed August bank Holiday only),W10 5YB,available on site,yes,Yes,Yes,26c_or_less,Yes,Yes,Venture Community Association,20250527,Tier 1,524205.98,182012.45
138,Yes,Worlds End Estate,Blantyre Street,Kensington and Chelsea,"Ceiling fans,Natural cooling/ventilation",,"Young children,Older people,Pregnant women",,622,50,Flashpoint Centre,Monday  - Friday 10.00am - 2.00pm,SW10 0DS,available on site,yes,Yes,Yes,26c_or_less,Yes,Yes,Venture Community Association,20250527,Tier 2,526585,177391
181,Yes,244 Acklam Road,,Kensington and Chelsea,Natural cooling/ventilation,,,,131,15,Al-Manaar The Muslim Cultural Heritage Centre,Mon - Thurs 10am to 6pm Fri - 3pm to 6pm,W10 5YG,available on site,yes,yes,yes,cannot_guarantee_26c,yes,yes,Al-Manaar The Muslim Cultural Heritage Centre,20250530,Tier 2,524727.19,181755.04
208,Yes,Henry Dickens Court estate,St Anns Road,Kensington and Chelsea,"Stand up fans,Natural cooling/ventilation",,"Young children,Older people,Pregnant women",,627,100,Henry Dickens Community Centre,Monday - Friday 10 - 6  Adult Wednesday 10 - 1 Lunch provided and Fridays 10 - 12 coffee morning,W11 4DH,available on site,yes,yes,yes,26c_or_less,yes,yes,Latimer Community Art Therapy,20250530,Tier 1,523927,180518
271,Yes,224-238 Kensington High St,London,Kensington and Chelsea,Air conditioning,,"Young children,Older people",,688,50,the Design Museum,10:00 – 17:00 Monday to Thursday  10:00 – 18:00 Friday to Sunday,W8 6AG,available on site,yes,yes,yes,cannot_guarantee_26c,yes,yes,the Design Museum,20250716,Tier 1,525026.27,179417.08
266,Yes,"Tolworth Hospital,  Red Lion Road",Tolworth,Kingston upon Thames,Air conditioning,,"Young children,Older people,Pregnant women",,682,30,The Red Lian Kitchen,Mon-Frid 8:30 am to 2:30pm Sat 8:00am to 12:30pm Sundays and Bank  Holidays Closed,KT6 7QU,short walk and signposted from the site,yes,yes,yes,cannot_guarantee_26c,yes,yes,"Medirest, Compass Group",20250709,Tier 2,519208.82,165838.08
283,Yes,"2 The Avenue, Worcester Park",,Kingston upon Thames,"Stand up fans,Natural cooling/ventilation",,"Young children,Older people,Pregnant women",,700,60,Worcester Park Baptist Church Hub Cafe,Mon/ Tues/ Wed 10am to 2pm,KT4 7EW,available on site,yes,yes,yes,cannot_guarantee_26c,yes,yes,Worcester Park Baptist Church,20250724,Tier 2,522160,166077
36,Yes,73 Waterloo Road,,Lambeth,Natural cooling/ventilation,," young children, older people, pregnant women ",,67,30,St John's Waterloo,Monday and Tuesday 9am to 5pm,,Available on site,Yes,Yes,Yes,Indoor temperature of 26C or less,Yes,Yes,The Bridge at Waterloo,20250527,Tier 2,531144.094,180038.045
90,Yes,167 Kennington Lane,London,Lambeth,Other,,"Young children,Older people,Pregnant women",,145,36,Durning Library,Monday1pm to 6pm Tuesday10am to 6pm Wednesday10am to 8pm ThursdayClosed Friday10am to 6pm Saturday9am to 5pm SundaysClosed Bank HolidaysClosed,SE11 4HF,available on site,yes,Yes,Yes,cannot_guarantee_26c,Yes,Yes,London Borough of Lambeth,20250527,Tier 2,531310,178342
91,Yes,Brixton Oval,London,Lambeth,Stand up fans,,"Young children,Older people,Pregnant women",,147,135,Brixton Tate Library,Monday1pm - 8pm Tuesday10am - 8pm Wednesday10am - 6pm Thursday10am - 8pm Friday10am - 6pm Saturday9am - 5pm Sunday12pm - 5pm Bank holidaysClosed,SW2 1JQ,available on site,yes,Yes,Yes,cannot_guarantee_26c,Yes,Yes,London Borough of Lambeth,20250527,Tier 1,531067,175255
92,Yes,63 Streatham High Road,London,Lambeth,Air conditioning,,"Young children,Older people,Pregnant women",,153,104,Streatham Library,Monday1pm to 8pm Tuesday10am to 8pm Wednesday10am to 8pm Thursday10am to 6pm Friday10am to 6pm Saturday9am to 5pm Sundaysmidday to 5pm Bank HolidaysClosed,SW16 1PN,available on site,yes,Yes,Yes,26c_or_less,Yes,Yes,London Borough of Lambeth,20250527,Tier 1,530168,171980
195,Yes,180 South Lambeth Road,London,Lambeth,Other,,"Young children,Older people,Pregnant women",,151,42,Tate South Lambeth Library,Monday1pm to 6pm TuesdayClosed Wednesday10am to 6pm Thursday10am to 8pm Friday10am to 6pm Saturday9am to 5pm SundaysClosed Bank HolidaysClosed,SW8 1QP,available on site,yes,yes,yes,cannot_guarantee_26c,yes,yes,London Borough of Lambeth,20250530,Tier 1,530374,177251
290,Yes,390 Streatham High Road,,Lambeth,"Air conditioning,Natural cooling/ventilation",,"Young children,Older people,Pregnant women",,707,"1,000",Streatham Ice Rink lobby,Mon - Fri: 11.30am - 4pm Sat - Sun: 11.45am - 5pm,SW16 6HX,available on site,yes,yes,yes,26c_or_less,yes,yes,Lambeth Council,20250724,Tier 2,530033,171129
4,Yes,41 Loampit Vale,London,Lewisham," Air conditioning, Natural cooling/ventilation ",," young children, older people, pregnant women ",,2,30,Glass Mill Leisure Centre,"06:30-22:00 weekdays, 07:00-17:00 Weekends 08:00-19:00 Public Holidays",,Available on site,Yes,Yes,Yes,Indoor temperature of 26C or less,Yes,Yes,Better (Lewisham),20250527,Tier 1,537921.705,175779.172
19,Yes,100 London Rd,,Lewisham," Air conditioning, Natural cooling/ventilation, Ceiling fans ",," young children, older people, pregnant women ",,33,40,Horniman Museum,10am to 5.30pm daily,,Available on site,Yes,Yes,Yes,"Cannot guarantee 26C, but the space is always cooler than the outside temperature",Yes,Yes,Horniman Museum and Gardens,20250527,Tier 1,534874.163,173131.969
38,Yes,12 Westwood Hill,,Lewisham,Natural cooling/ventilation,," young children, older people, pregnant women ",,66,300,"St Bartholomew's Church, Sydenham",Monday  10:00 – 12:00 Tuesday 17:00 – 18:00 Wednesday  17:00 – 18:00 Thursday 11:30 – 13:30 Saturday 10:00 – 12:00,,Available on site,Yes,Yes,Yes,"Cannot guarantee 26C, but the space is always cooler than the outside temperature",Yes,Yes,"St Bartholomew's Church, Sydenham",20250527,Tier 2,535052.635,171653.267
40,Yes,Darmouth Road,,Lewisham,"Air conditioning,Natural cooling/ventilation",," young children, older people, pregnant women ",,87,20,Forest Hill Pools,"6.30am to 10pm Monday to Friday, 8am to 6pm Saturday, Sunday and Public Holidays",,Available on site,Yes,Yes,Yes,Indoor temperature of 26C or less,Yes,Yes,Better (Lewisham),20250527,Tier 1,535243.719,172597.029
55,Yes,355 Bromley Road,,Lewisham,Natural cooling/ventilation,," young children, older people, pregnant women ",,88,50,the Green Man Hub,"9am-5pm, Monday to Friday",,Available on site,Yes,Yes,Yes,"Cannot guarantee 26C, but the space is always cooler than the outside temperature",Yes,Yes,Phoenix Community Housing,20250527,Tier 1,538385.996,171712.614
261,Yes,Deptford Royal Dockyard,,Lewisham,Natural cooling/ventilation,,"Young children,Older people,Pregnant women",,677,30,Peppys Community Hub,Tuesday-Sunday 10.30am-4.30pm,SE83BA,available on site,yes,yes,yes,26c_or_less,yes,yes,Peppys Community Hub,20250701,Tier 2,536814,178614
263,Yes,103 Torridon Road,,Lewisham,Natural cooling/ventilation,,"Young children,Older people,Pregnant women",,679,40,Corbett Community Library,Monday-Tuesday 9am-5.30pm Thursday 9am-5.30pm Saturday 10am-1pm,SE61RQ,available on site,yes,yes,yes,26c_or_less,yes,yes,Corbett Community Library,20250701,Tier 2,538956,173637
33,Yes,16 Wimbledon Hill Road,,Merton,"Natural cooling/ventilation,Stand up fans",," young children, older people, pregnant women ",,61,60,Wimbledon Library,"Monday-Friday, 9.30am-7pm.  Saturday 9.30am-5pm",,Available on site,Yes,Yes,Yes,"Cannot guarantee 26C, but the space is always cooler than the outside temperature",Yes,Yes,Merton Libraries,20250527,Tier 1,524668.924,170770.105
34,Yes,Station Road,,Merton,Air conditioning,," young children, older people, pregnant women ",,62,25,West Barnes Library,"Monday, Tuesday, Thursday, Friday 8am-8pm. Saturday 8am-5pm",,Not available,Yes,Yes,Yes,Indoor temperature of 26C or less,Yes,Yes,Merton Libraries,20250527,Tier 2,522659.01,167652.627
35,Yes,21 Approach Road,,Merton,Air conditioning,," young children, older people, pregnant women ",,64,20,Raynes Park Library,Mon/Tues/Thurs/Fri (8am - 8pm) & Saturday (8am - 5pm) - Closed on Wednesdays and Sundays - same for West Barnes,,Available on site,Yes,Yes,Yes,Indoor temperature of 26C or less,Yes,Yes,Merton Libraries,20250527,Tier 1,523359.675,169276.203
238,Yes,South Lodge Avenue,Pollards Hill,Merton,"Stand up fans,Natural cooling/ventilation",,"Young children,Older people,Pregnant women",,654,40,New Horizon Centre,Monday - Friday 9.15 - 4pm Saturday and Sunday - varies please,CR4 1LT,available on site,yes,yes,yes,cannot_guarantee_26c,yes,yes,Commonside Community Development Trust,20250619,Tier 2,530077.72,168400.427
9,Yes,6-8 Woodgrange Road,,Newham,Air conditioning,," young children, older people, pregnant women ",,9,20,Forest Gate Library,"Monday - Saturday -9am-8pm, Sunday closed, Public Holidays - Closed",,Available on site,Yes,Yes,Yes,Indoor temperature of 26C or less,Yes,Yes,London Borough of Newham,20250527,Tier 1,540526.125,185405.696
10,Yes,3 The Grove,,Newham,Air conditioning,," young children, older people, pregnant women ",,14,30,Stratford Library,"Monday - Saturday -9am-8pm, Sunday 12pm-4pm, Public Holidays - Closed ",,Available on site,Yes,Yes,Yes,Indoor temperature of 26C or less,Yes,Yes,London Borough of Newham,20250527,Tier 1,539090.507,184548.165
11,Yes,685-693 Romford Road,,Newham,Air conditioning,," young children, older people, pregnant women ",,16,12,Manor Park Library,"Monday - Saturday -10am-8pm, Sunday closed, Public Holidays - Closed ",,Available on site,Yes,Yes,Yes,Indoor temperature of 26C or less,Yes,Yes,London Borough of Newham,20250527,Tier 1,542022.956,185521.977
141,Yes,North Street,,Newham,"Stand up fans,Natural cooling/ventilation",," young children, older people, pregnant women ",,10,20,Plaistow Library,"Monday - Tuesday - 9:30am-5:30pm, Wednesday - 9:30am-5pm, Thursday - 1pm-8pm, Friday - 9.30am-5pm, Saturday - 9.30am-5.30pm  Sunday closed, Public Holidays - Closed ",,Available on site,Yes,Yes,Yes,I don’t know/ it’s not possible to  monitor indoor temperature,yes,Yes,London Borough of Newham,20250530,Tier 1,540578.278,183195.894
142,Yes,337 - 341 Green Street,,Newham,Air conditioning,," young children, older people, pregnant women ",,11,10,Green Street Library,"Monday - Saturday -10am-8pm, Sunday closed, Public Holidays - Closed ",,Not available,Yes,Yes,Yes,Indoor temperature of 26C or less,yes,Yes,London Borough of Newham,20250530,Tier 2,541238.17,183903.087
143,Yes,1 Kingsford Way,,Newham,Air conditioning,," young children, older people, pregnant women ",,12,10,Beckton Library,"Monday - Saturday -10am-8pm, Sunday closed, Public Holidays - Closed ",,Available on site,Yes,Yes,Yes,Indoor temperature of 26C or less,yes,Yes,London Borough of Newham,20250530,Tier 1,542750.724,181597.241
144,Yes,328 Barking Road,,Newham,Air conditioning,," young children, older people, pregnant women ",,13,20,East Ham Library,"Monday - Saturday -9am-8pm, Sunday 12pm-4pm, Public Holidays - Closed ",,Available on site,Yes,Yes,Yes,Indoor temperature of 26C or less,yes,Yes,London Borough of Newham,20250530,Tier 1,542767.378,183598.662
145,Yes,5 Pier Parade,,Newham,Air conditioning,," young children, older people, pregnant women ",,15,2,North Woolwich Library,"Monday - 9.30am-5.30pm, Tuesday - 9.30am - 8pm, Wednesday - 9.30am -5.30pm, Thursday - 9.30am-8pm, Friday - 9.30am-5pm, Saturday - 9.30am-5.30pm  Sunday closed, Public Holidays - Closed ",,Available on site,Yes,Yes,Yes,Indoor temperature of 26C or less,yes,Yes,London Borough of Newham,20250530,Tier 1,543269.56,180015.983
146,Yes,Prince Regent Lane,42,Newham,"Stand up fans,Natural cooling/ventilation",," young children, older people, pregnant women ",,17,10,Custom House Library,"Monday - 10am-6pm, Tuesday -10am-6pm, Wednesday - Closed, Thursday - 10am-6pm , Friday - Closed, Saturday - 10am-6pm,  Sunday closed, Public Holidays - Closed ",,Available on site,Yes,Yes,Yes,I don’t know/ it’s not possible to  monitor indoor temperature,yes,Yes,London Borough of Newham,20250530,Tier 2,541073.813,181473.608
147,Yes,18 Rathbone Market,,Newham,Air conditioning,," young children, older people, pregnant women ",,18,20,Canning Town Library,"Monday - Saturday -9am-8pm, Sunday closed, Public Holidays - Closed ",,Available on site,Yes,Yes,Yes,Indoor temperature of 26C or less,yes,Yes,London Borough of Newham,20250530,Tier 1,539591.149,181682.997
251,Yes,Churchfields,South Woodford,Redbridge,"Air conditioning,Natural cooling/ventilation",,"Young children,Older people,Pregnant women",,667,80,Redbridge Drama Centre,Mon - Fri 06.00am - 22.00pm Saturday and Sunday 08.00am - 18.00pm,E18 2RB,available on site,yes,yes,yes,26c_or_less,yes,yes,Vision RCL,20250626,Tier 1,540376,190786
252,Yes,Snakes Lane East,Woodford Green,Redbridge,Air conditioning,,"Young children,Older people,Pregnant women",,668,30,Woodford Green Library & Gym,Mon to Fri: 6am to 10pm Sat & Sun: 8am to 6pm Public Holidays: 8am to 4pm,IG8 0DX,available on site,yes,yes,yes,cannot_guarantee_26c,yes,yes,Vision RCL,20250626,Tier 1,540831,191818
253,Yes,140 High Street,Barkingside,Redbridge,Air conditioning,,"Young children,Older people,Pregnant women",,669,60,Fullwell Cross Library,"Mon, Wed, Fri: 10am to 8pm Tue, Thu: 10am to 6pm Sat: 10am to 5pm Sun: closed Public Holidays: closed",IG6 2EA,available on site,yes,yes,yes,cannot_guarantee_26c,yes,yes,Vision RCL,20250626,Tier 1,544542,190321
254,Yes,"Clements Rd, Ilford",,Redbridge,"Air conditioning,Natural cooling/ventilation",,"Young children,Older people,Pregnant women",,670,100,Redbridge Central Library,Mon- Fri 10am-8pm Sat 10am-5pm Sun 11am-5pm,IG1 1EA,available on site,yes,yes,yes,26c_or_less,yes,yes,Vision Redbridge Culture & Leisure,20250626,Tier 1,543963,186394
298,Yes,Romford Road,Chigwell,Redbridge,Natural cooling/ventilation,,"Young children,Older people,Pregnant women",,715,40,Hainault Forest - 1856 Cafe and Visitor Centre,Mon - Sun 9am - 5pm,IG7 4QN,available on site,yes,yes,yes,cannot_guarantee_26c,yes,yes,Vision Redbridge Culture & Leisure,20250808,Tier 1,547671.03,192635.52
299,Yes,679 High Road,"Ilford, Essex",Redbridge,Air conditioning,,"Young children,Older people,Pregnant women",,716,10,Seven Kings Library,Monday: Closed Tuesday: 10:00 am - 6:00 pm Wednesday: 10:00 am - 6:00 pm Thursday: 10:00 am - 6:00 pm Friday: 10:00 am - 6:00 pm Saturday: 10:00 am - 2:00 pm Sunday: 10:00 am - 2:00 pm,IG3 8RQ,short walk and signposted from the site,yes,yes,yes,cannot_guarantee_26c,yes,yes,Vision Redbridge Culture & Leisure,20250808,Tier 2,545605.3,187171.1
300,Yes,Spratt Hall Road,London,Redbridge,"Stand up fans,Natural cooling/ventilation",,"Young children,Older people,Pregnant women",,717,40,Wanstead Library,Monday: 10:00 am - 6:00 pm Tuesday: 10:00 am - 6:00 pm Wednesday: 10:00 am - 8:00 pm Thursday: 10:00 am - 6:00 pm Friday: 10:00 am - 6:00 pm Saturday: 10:00 am - 5:00 pm Sunday: Closed Public Holidays: Closed,E11 2RQ,available on site,yes,yes,yes,cannot_guarantee_26c,yes,yes,Vision Redbridge Culture & Leisure,20250808,Tier 1,540432,188203
301,Yes,100 Manford Way,Chigwell,Redbridge,"Stand up fans,Natural cooling/ventilation",,"Young children,Older people,Pregnant women",,718,30,Hainault Library,Monday: 10:00 am - 6:00 pm Tuesday: 10:00 am - 6:00 pm Wednesday: Closed Thursday: 10:00 am - 6:00 pm Friday: 10:00 am - 6:00 pm Saturday: 10:00 am - 5:00 pm Sunday: Closed Public Holidays: Closed,IG7 4DD,not available,yes,yes,yes,cannot_guarantee_26c,yes,yes,Vision Redbridge Culture & Leisure,20250808,Tier 2,545801.3,192008.7
302,Yes,76 Goodmayes Lane,Ilford,Redbridge,"Stand up fans,Natural cooling/ventilation",,"Young children,Older people,Pregnant women",,719,30,Goodmayes library,Monday: 10:00 am - 6:00 pm Tuesday: 10:00 am - 6:00 pm Wednesday: Closed Thursday: 10:00 am - 6:00 pm Friday: 10:00 am - 6:00 pm Saturday: 10:00 am - 5:00 pm Sunday: Closed Public Holidays: Closed,IG3 9QB,available on site,yes,yes,yes,cannot_guarantee_26c,yes,yes,Vision Redbridge Culture & Leisure,20250808,Tier 1,546292.1,186609.58
303,Yes,Grove Road,Romford,Redbridge,Air conditioning,,"Young children,Older people,Pregnant women",,720,20,Keith Axon Centre Library,Monday: 10:00 am - 6:00 pm Tuesday: Closed Wednesday: 10:00 am - 6:00 pm Thursday: Closed Friday: 10:00 am - 1:00 pm Saturday: 10:00 am - 4:00 pm Sunday: Closed Public Holidays: Closed,RM6 4XB,available on site,yes,yes,yes,26c_or_less,yes,yes,Vision Redbridge Culture & Leisure,20250808,Tier 2,547098.21,188300.21
304,Yes,490 Cranbrook Road,Ilford,Redbridge,Stand up fans,,"Young children,Older people,Pregnant women",,721,30,Gants Hill Library,Monday: 10:00 am - 6:00 pm Tuesday: 10:00 am - 6:00 pm Wednesday: 10:00 am - 8:00 pm Thursday: 10:00 am - 6:00 pm Friday: 10:00 am - 6:00 pm Saturday: 10:00 am - 5:00 pm Sunday: Closed Public Holidays: Closed,IG2 6LA,available on site,yes,yes,yes,cannot_guarantee_26c,yes,yes,Vision Redbridge Culture & Leisure,20250808,Tier 1,543537,188560
18,Yes,"The National Archives, Bessant Drive",,Richmond upon Thames,Air conditioning,," young children, older people, pregnant women ",,26,100,Public cafe at The National Archives,"09:00 - 17:00 Tuesday-Saturday, and on the first Sunday of every month",,Available on site,Yes,Yes,Yes,Indoor temperature of 26C or less,Yes,Yes,The National Archives,20250527,Tier 1,519563.662,177199.062
30,Yes,115B High Street Whitton,,Richmond upon Thames,"Natural cooling/ventilation,Stand up fans",,"young children,older people",,44,10,Transit Community Support CIC,"Weekday 10am - 5pm , Saturdays 11.00am - 4pm",,Available on site,Yes,Yes,Yes,"Cannot guarantee 26C, but the space is always cooler than the outside temperature",Yes,Yes,Transit Community Support CIC,20250527,Tier 2,514195.746,173848.524
111,Yes,Whitton Community Centre,Percy Road,Richmond upon Thames,Stand up fans,,"Young children,Older people,Pregnant women",,592,75,Trimble Lounge,Tuesday 2-5pm Thursday 2-5pm,TW2 6JL,available on site,yes,Yes,Yes,cannot_guarantee_26c,Yes,Yes,Whitton Community Centre,20250527,Tier 2,514067,173163
112,Yes,The Green,Kew,Richmond upon Thames,Natural cooling/ventilation,,"Young children,Older people,Pregnant women",,593,60,St Anne's Church,Monday Closed Tuesday 10.00am to 3.00pm Wednesday to Saturday 10.00 to 4.00pm Sunday 7.30am to noon,TW9 3AA,available on site,yes,Yes,Yes,26c_or_less,Yes,Yes,St Anne's Church,20250527,Tier 2,519024.26,177402.41
132,Yes,Ferry Road,,Richmond upon Thames,Natural cooling/ventilation,,"Young children,Older people,Pregnant women",,615,200,Landmark Arts Centre,Mon - Fri 9:30am - 4:00pm,TW11 9NN,available on site,yes,Yes,Yes,26c_or_less,Yes,Yes,Landmark Arts Centre,20250527,Tier 2,516603,171355
241,Yes,49 station rd,Barnes,Richmond upon Thames,Air conditioning,,"Young children,Older people,Pregnant women",,657,40,OSO The Theatre on Barnes Pond,Mon- Fri  9-6pm Sat 9-4  Sun 10-4 Times occasion adjusted to accommodate theatre productions,SW13 0LF,available on site,yes,yes,yes,cannot_guarantee_26c,yes,yes,Barnes Community Arts Centre,20250626,Tier 1,521865.26,176258.32
292,Yes,St James's Road,Hampton Hill,Richmond upon Thames,"Natural cooling/ventilation,Other","The church has a high ceiling, (i.e. heat rises), and stained glass that restricts sunlight, keeping in the building cooler",,,709,150,St James's Church,"Mon, Wed, Fri: 0930-1430 Tue, Thu: 1230-1730 Closed on Bank Holidays",TW12 1DQ,available on site,yes,yes,yes,cannot_guarantee_26c,yes,yes,St James's Church,20250805,Tier 2,513869,171191
150,Yes,74 Sheen Lane,,Richmond upon Thames,"other,Natural cooling/ventilation",," young children, older people, pregnant women ",,46,80,East Sheen Library,"Monday 9:30 AM to 6:00 PM, Tuesday 9:30 AM to 6:00 PM, Wednesday 10:00 AM - 7:00 PM, Thursday 9:30 AM to 6:00 PM, Friday 9:30 AM to 6:00 PM, Saturday 9:30 AM - 4:00 PM, Sunday 1:00 PM - 5:00 PM",,Available on site,Yes,Yes,Yes,I don’t know/ it’s not possible to  monitor indoor temperature,yes,Yes,Richmond upon Thames Library Service,20250530,Tier 1,520449.842,175478.668
151,Yes,75 Castelnau,,Richmond upon Thames,Natural cooling/ventilation,," young children, older people, pregnant women ",,47,35,Castelnau Library,"Monday 9:30 AM to 6:00 PM, Tuesday 9:30 AM to 6:00 PM, Wednesday 10:00 AM - 7:00 PM, Thursday CLOSED, Friday 9:30 AM to 6:00 PM, Saturday 9:30 AM - 4:00 PM, Sunday CLOSED",,Available on site,Yes,Yes,Yes,I don’t know/ it’s not possible to  monitor indoor temperature,yes,Yes,Richmond upon Thames Library Service,20250530,Tier 2,522484.299,177173.91
152,Yes,Little Green,,Richmond upon Thames,Natural cooling/ventilation,," young children, older people, pregnant women ",,45,30,Richmond Library,"Monday 9.30am-7pm, Tuesday 9.30am-6pm, Wednesday 10am-7pm, Thursday 9.30am-6pm, Friday 9.30am-6pm, Saturday 9.30am-4pm, Sunday 1pm-5pm",,Not available,Yes,Yes,Yes,I don’t know/ it’s not possible to  monitor indoor temperature,yes,Yes,Richmond upon Thames Library Service,20250530,Tier 2,517911.907,175054.346
153,Yes,106 North Road,,Richmond upon Thames,Natural cooling/ventilation,," young children, older people, pregnant women ",,48,5,Kew Library,"Monday CLOSED, Tuesday 10:00 AM - 6:00 PM, Wednesday CLOSED, Thursday 10:00 AM - 6:00 PM. Friday CLOSED, Saturday 9:30 AM - 4:00 PM, Sunday CLOSED",,Not available,Yes,Yes,Yes,I don’t know/ it’s not possible to  monitor indoor temperature,yes,Yes,Richmond upon Thames Library Service,20250530,Tier 2,519215.884,176682.441
154,Yes,141 Nelson Road,,Richmond upon Thames,Air conditioning,," young children, older people, pregnant women ",,50,15,Whitton Library,"Monday 9:30 AM to 6:00 PM, Tuesday 9:30 AM to 6:00 PM, Wednesday 10:00 AM - 7:00 PM, Thursday 9:30 AM to 6:00 PM, Friday 9:30 AM to 6:00 PM, Saturday 9:30 AM - 4:00 PM, Sunday CLOSED",,Available on site,Yes,Yes,Yes,I don’t know/ it’s not possible to  monitor indoor temperature,yes,Yes,Richmond upon Thames Library Service,20250530,Tier 1,514137.854,173949.556
155,Yes,Garfield Road,,Richmond upon Thames,Natural cooling/ventilation,," young children, older people, pregnant women ",,49,25,Twickenham Library,"Monday 9:30 AM to 7:00 PM, Tuesday 9:30 AM to 6:00 PM, Wednesday 10:00 AM - 7:00 PM, Thursday 9:30 AM to 6:00 PM, Friday 9:30 AM to 6:00 PM, Saturday 9:30 AM - 4:00 PM, Sunday CLOSED",,Available on site,Yes,Yes,Yes,I don’t know/ it’s not possible to  monitor indoor temperature,yes,Yes,Richmond upon Thames Library Service,20250530,Tier 1,516288.717,173425.966
156,Yes, Ham Street,,Richmond upon Thames,Air conditioning,," young children, older people, pregnant women ",,51,10,Ham Library ,"Monday 9:30 AM to 6:00 PM, Tuesday 9:30 AM to 6:00 PM, Wednesday 10:00 AM - 7:00 PM, Thursday CLOSED, Friday 9:30 AM - 6:00 PM, Saturday 9:30 AM - 4:00 PM, Sunday CLOSED",,Available on site,Yes,Yes,Yes,I don’t know/ it’s not possible to  monitor indoor temperature,yes,Yes,Richmond upon Thames Library Service,20250530,Tier 2,517335.87,172332.889
157,Yes,Waldegrave Road,,Richmond upon Thames,Natural cooling/ventilation,," young children, older people, pregnant women ",,53,12,Teddington Library,"Monday 9:30 AM to 7:00 PM, Tuesday 9:30 AM to 6:00 PM, Wednesday 10:00 AM - 7:00 PM, Thursday 9:30 AM to 6:00 PM, Friday 9:30 AM to 6:00 PM, Saturday 9:30 AM - 4:00 PM, Sunday 1:00 PM - 5:00 PM",,Available on site,Yes,Yes,Yes,I don’t know/ it’s not possible to  monitor indoor temperature,yes,Yes,Richmond upon Thames Library Service,20250530,Tier 1,515903.115,171122.92
158,Yes,Rosehill,,Richmond upon Thames,Natural cooling/ventilation,," young children, older people, pregnant women ",,54,13,Hampton Library,"Monday 9:30 AM to 6:00 PM, Tuesday 9:30 AM to 6:00 PM, Wednesday 10:00 AM - 7:00 PM, Thursday CLOSED, Friday 9:30 AM to 6:00 PM, Saturday 9:30 AM - 4:00 PM, Sunday CLOSED",,Available on site,Yes,Yes,Yes,I don’t know/ it’s not possible to  monitor indoor temperature,yes,Yes,Richmond upon Thames Library Service,20250530,Tier 2,513424.993,169618.552
159,Yes,68 High Street,,Richmond upon Thames,Air conditioning,," young children, older people, pregnant women ",,55,5,Hampton Hill Library ,"Monday 9:30 AM to 6:00 PM, Tuesday CLOSED, Wednesday 10:00 AM - 7:00 PM, Thursday 9:30 AM to 6:00 PM, Friday 9:30 AM to 6:00 PM, Saturday 9:30 AM - 4:00 PM, Sunday CLOSED",,Available on site,Yes,Yes,Yes,I don’t know/ it’s not possible to  monitor indoor temperature,yes,Yes,Richmond upon Thames Library Service,20250530,Tier 1,514394.665,171022.074
163,Yes,Old Town Hall,,Richmond upon Thames,Natural cooling/ventilation,," young children, older people, pregnant women ",,52,50,Richmond Reference Library,"Monday 9:30 AM to 7:00 PM, Tuesday 9:30 AM to 6:00 PM, Wednesday 10:00 AM - 7:00 PM, Thursday 9:30 AM to 6:00 PM, Friday 9:30 AM to 6:00 PM, Saturday 9:30 AM - 4:00 PM, Sunday CLOSED",,Available on site,Yes,Yes,Yes,I don’t know/ it’s not possible to  monitor indoor temperature,yes,Yes,Richmond upon Thames Library Service,20250530,Tier 1,517734.092,174658.589
41,Yes,London Bridge,,Southwark," Natural cooling/ventilation, other ",," young children, older people, pregnant women ",,72,300,Southwark Cathedral,9am - 6pm daily,,Available on site,Yes,Yes,Yes,Indoor temperature of 26C or less,Yes,Yes,Southwark Cathedral,20250527,Tier 1,532711,180312.049
65,Yes,211 Borough High St,,Southwark,Air conditioning,," young children, older people, pregnant women ",,100,200,John Harvard Library,9am - 7pm Monday - Friday; Saturday 9am - 5pm,SE1 1JA,Available on site,Yes,Yes,Yes,Indoor temperature of 26C or less,Yes,Yes,Southwark Council,20250527,Tier 1,532534,179818
66,Yes,21 Surrey Quays Road,,Southwark,Air conditioning,," young children, older people, pregnant women ",,101,645,Canada Water Library,"8am - 8pm, Monday - Friday; Saturday 9am - 5pm; Sunday 12-4pm",SE16 7AR,Available on site,Yes,Yes,Yes,Indoor temperature of 26C or less,Yes,Yes,Southwark Council,20250527,Tier 1,535513,179456
67,Yes,145-147 Walworth Rd,,Southwark,Air conditioning,," young children, older people, pregnant women ",,102,150,Southwark Heritage Centre & Walworth Library,10am - 8pm Monday - Friday; Saturday 10am - 5pm; Sunday 12pm - 4pm,SE17 1RW,Available on site,Yes,Yes,Yes,Indoor temperature of 26C or less,Yes,Yes,Southwark Council,20250527,Tier 1,532134.44,178778.7
68,Yes,Market Place,Southwark Park Road,Southwark,Air conditioning,," young children, older people, pregnant women ",,103,100,Blue Anchor Library,"9am-7pm Monday, Tuesday, Thursday; 10am - 6pm Friday; 9am - 5pm Saturday",SE16 3UQ,Available on site,Yes,Yes,Yes,Indoor temperature of 26C or less,Yes,Yes,Southwark Council,20250527,Tier 1,534502,178842
69,Yes,122 Peckham Hill St,,Southwark,Air conditioning,," young children, older people, pregnant women ",,104,600,Peckham Library,"9am - 8pm, Monday - Friday (excl. Weds); Wednesday 10am - 8pm;  Saturday 10am - 5pm; Sunday 12pm - 4pm""",SE15 5JR,Available on site,Yes,Yes,Yes,Indoor temperature of 26C or less,Yes,Yes,Southwark Council,20250527,Tier 1,534180,176814
70,Yes,Gordon Road,,Southwark,Air conditioning,," young children, older people, pregnant women ",,105,60,Nunhead Library,"2pm - 7pm Monday, Tuesday, Thursday; 10am - 3pm Wednesday and Friday; Saturday 10am - 5pm",SE15 3RW,Available on site,Yes,Yes,Yes,Indoor temperature of 26C or less,Yes,Yes,Southwark Council,20250527,Tier 2,534876,175876
71,Yes,37-38 Seeley Drive,,Southwark,Air conditioning,," young children, older people, pregnant women ",,106,30,Kingswood Library,2pm - 6pm Monday & Thursday; 10am - 2pm Tuesday & Friday; Saturday 1pm - 5pm,SE21 8QR,Available on site,Yes,Yes,Yes,Indoor temperature of 26C or less,Yes,Yes,Southwark Council,20250527,Tier 2,533523,171845
72,Yes,62 Thurlow Street,,Southwark,Air conditioning,," young children, older people, pregnant women ",,108,150,Una Marson Library,"10am - 6pm, Monday - Friday (excl. Weds); Wednesday 10am - 3pm; Saturday 10am - 5pm",SE17 2GN,Available on site,Yes,Yes,Yes,Indoor temperature of 26C or less,Yes,Yes,Southwark Council,20250527,Tier 2,532969.69,178278.98
73,Yes,2B Crystal Palace Road,,Southwark,Air conditioning,," young children, older people, pregnant women ",,109,25,Dulwich Leisure Centre, Mon – Fri  6.30 -22.00 Sat - 7.00 – 18.00 Sun – 7.00 – 22.00,SE22 9HB,Available on site,Yes,Yes,Yes,Indoor temperature of 26C or less,Yes,Yes,Southwark Council,20250527,Tier 1,534068,175247
77,Yes,18-22 Grove Vale,,Southwark,Air conditioning,," young children, older people, pregnant women ",,107,30,Grove Vale Library,"10am - 7pm, Monday - Thursday (excl. Weds); Friday 10am - 3pm; Saturday 10am - 5pm",SE22 8EF,Available on site,Yes,Yes,Yes,Indoor temperature of 26C or less,Yes,Yes,Southwark Council,20250527,Tier 2,533468.946,175342.491
85,Yes,60-62 Hopton Street,,Southwark,"Stand up fans,Natural cooling/ventilation",,"Young children,Older people,Pregnant women",,128,55,The London LGBTQ+ Community Centre,Wed - 09:30 - 18:00 Thu-Sun - 11:00am - 20:00,SE1 9JH,available on site,yes,Yes,Yes,cannot_guarantee_26c,Yes,Yes,The London LGBTQ+ Community Centre,20250527,Tier 2,531889,180516
269,Yes,147 Tooley Street,,Southwark,"Air conditioning,Natural cooling/ventilation",,"Young children,Older people,Pregnant women",,685,40,Unicorn Theatre,Mon: Closed Tue-Thu: 11am-2pm  Fri-Sun: Closed,SE1 2HZ,available on site,yes,yes,yes,cannot_guarantee_26c,yes,yes,Unicorn Theatre,20250716,Tier 2,533305.21,180075.5
284,Yes,Lambeth Road,,Southwark,"Air conditioning,Other",Most Gallery spaces are air conditioned. Atrium and terraced spaces are not- but are in the shade so cooler than the outside.,Other,Fully accessible. Also have a Changing Places Toilet.,701,50,Imperial War Museum,Mon-Sun 10-6. last entry at 5:30.,SE1 6HZ,available on site,yes,yes,yes,cannot_guarantee_26c,yes,yes,Imperial War Museum,20250724,Tier 1,531411,179148
239,Yes,63 Downs Road,,Sutton,"Stand up fans,Natural cooling/ventilation",,"Older people,Other",People with mental health problems (esp. those on medication)  Over 18s only.,655,20,Sutton Mental Health Foundation,Mon 12.30 - 3 Tues 11 - 2.30 Thurs & Fri 10.30 - 2.30Closed weekends & public holidays,SM2 5NR,available on site,yes,yes,yes,cannot_guarantee_26c,yes,yes,Sutton Mental Health Foundation,20250619,Tier 2,525812.048,162013.856
248,Yes,St Michael and All Angels Church,"Milton Road, Wallington",Sutton,Natural cooling/ventilation,,"Young children,Older people,Pregnant women",,664,150,Place of Welcome,Tuesdays 9.30-11.30 Thursdays 9.30-11.30 Fridays 4.15-6.30 Saturdays 9.30-11.30 Plus open for church services during these times - you are welcome to simply enjoy the cool and no pressure to join the service just take a seat wherever you are comfortable. Monday to Thursday 8-8.20am Sunday 10am-12.30pm,SM6 9RP,available on site,yes,yes,yes,cannot_guarantee_26c,yes,yes,Parish of South Beddington and Roundshaw,20250626,Tier 2,529513,163749
272,Yes,"St Nicholas Way, Sutton",,Sutton,Other,"A mix of fans and A/C across parts, but not all of the building","Older people,Pregnant women",,689,30,Sutton Central Library,Monday-Saturday: 8am-9pm (staffed 9am-5pm) Sunday: 9am-6pm,SM1 1EA,available on site,yes,yes,yes,cannot_guarantee_26c,yes,yes,Sutton Council's Cultural Services,20250716,Tier 1,525770,164053
273,Yes,"Mollison Dr, Wallington SM6 9NZ",,Sutton,Other,"A mix of fans and A/C across parts, but not all of the building","Young children,Older people,Pregnant women",,690,20,Phoenix Leisure Centre,Monday-Friday: 7am-10pm Saturday & Sunday: 9am-6pm,SM6 9NZ,available on site,yes,yes,yes,cannot_guarantee_26c,yes,yes,Everyone Active,20250716,Tier 1,530085,163225
274,Yes,"Westcroft Rd, Carshalton",,Sutton,Other,"A mix of fans and A/C across parts, but not all of the building","Young children,Older people,Pregnant women",,691,10,Westcroft Leisure Centre,Monday-Friday: 6:30am-10:30pm Saturday & Sunday: 8am-8pm,SM5 2TG,available on site,yes,yes,yes,cannot_guarantee_26c,yes,yes,Everyone Active,20250716,Tier 1,528477,164794
275,Yes,"Middleton Rd, Carshalton",,Sutton,Other,"A mix of fans and A/C across parts, but not all of the building","Young children,Older people,Pregnant women",,692,10,David Weir Leisure Centre,Monday-Friday: 7am-10pm Saturday & Sunday: 8am-6pm,SM5 1SL,available on site,yes,yes,yes,cannot_guarantee_26c,yes,yes,Everyone Active,20250716,Tier 1,526653,166528
286,Yes,River Church Sutton,320 Carshalton Rd,Sutton,Stand up fans,,,,703,25,The Well Coffee Lounge,"Mon 12pm - 3pm, Wed 10am - 2pm",SM5 3QB,available on site,yes,yes,yes,cannot_guarantee_26c,yes,yes,The Well Coffee Lounge,20250724,Tier 2,527237,164233
100,Yes,"No. 1, West India Quay",Hertsmere Road,Tower Hamlets,"Air conditioning,Natural cooling/ventilation",,"Young children,Older people,Pregnant women",,575,200,London Museum Docklands,"Mon - Sun, 10am - 5pm Not open 24 - 26 December",E14 4AL,available on site,yes,Yes,Yes,cannot_guarantee_26c,Yes,Yes,London Museum Docklands,20250527,Tier 1,537195,180603
209,Yes,66-68 East Smithfield,London,Tower Hamlets,Air conditioning,,"Young children,Older people,Pregnant women",,629,20,Museum of the Royal Pharmaceutical Society,Monday - Friday: 9am - 5pm Bank Holidays: Closed,E1W 1AW,available on site,yes,yes,yes,26c_or_less,yes,yes,Royal Pharmaceutical Society,20250530,Tier 1,534102,180649
244,Yes,1 Vesey Path,East Indai Dock Road,Tower Hamlets,Air conditioning,,"Young children,Older people,Pregnant women",,660,50,Idea Store Chrisp Street,Mon - Thu: 9 am - 9 pm Fri: 9 am - 6 pm Sat: 9 am - 5 pm Sun: 11 am -3 pm,E14 6BT,available on site,yes,yes,yes,cannot_guarantee_26c,yes,yes,Idea Store - Tower Hamlets Council,20250626,Tier 1,537880.16,181050.15
245,Yes,Bethnal Green Library,"Bethnal Green Gardens, Cambrige Heath Road",Tower Hamlets,Stand up fans,,"Young children,Older people,Pregnant women",,661,20,Bethnal Green Library,Mon- Wed 10am - 6pm Thurs 10am -8pm Sat 9am- 5pm,E2 0HL,available on site,yes,yes,yes,cannot_guarantee_26c,yes,yes,London Borough of Tower Hamlets,20250626,Tier 1,535110,182631
246,Yes,Strattondale Street,London,Tower Hamlets,Natural cooling/ventilation,,"Young children,Older people,Pregnant women",,662,10,Cubitt Town Library,Mon - Wed- 10am - 6pm Thus- 10am -8pm Sat- 9am - 5pm,E14 3HG,available on site,no,yes,yes,cannot_guarantee_26c,yes,yes,London  Borough of Tower Hamlets,20250626,Tier 2,538179,179385
247,Yes,1 Gladstone Place,,Tower Hamlets,Air conditioning,,"Young children,Older people,Pregnant women",,663,100,Idea Store Bow,Mon - Thurs: 9am-9pm Fri: 9am - 6pm Saturday: 9am - 5pm Sunday: 11am - 3pm,E3 3ES,available on site,yes,yes,yes,cannot_guarantee_26c,yes,yes,London Borough of Tower Hamlets,20250626,Tier 1,536747.823,183363.986
249,Yes,260 Commerical Road,,Tower Hamlets,"Air conditioning,Natural cooling/ventilation",,"Young children,Older people,Pregnant women",,665,40,Idea Store Watney Market,Monday-Thursday 9am-9pm Friday 9am-6pm Saturday 9am-5pm Sunday 11am-3pm,E1 2FB,available on site,yes,yes,yes,26c_or_less,yes,yes,London Borough of Tower Hamlets,20250626,Tier 1,534902.59,181278.63
255,Yes,321 Whitechapel Road,London,Tower Hamlets,"Air conditioning,Natural cooling/ventilation",,"Young children,Older people,Pregnant women",,671,100,Idea Store Whitechapel,Mon-Thurs 9am-9pm Fri 9-6pm Sat 9-5pm Sun 11am-3pm,E1 1BU,available on site,yes,yes,yes,cannot_guarantee_26c,yes,yes,Idea Store Whitechapel,20250626,Tier 1,534833,181883
270,Yes,18 Aberfeldy Square,London,Tower Hamlets,Air conditioning,,"Young children,Older people,Pregnant women",,687,30,Feldy Centre,Monday - Friday 9 a.m. - 5 p.m.,E14 0XA,available on site,yes,yes,yes,26c_or_less,yes,yes,Poplar HARCA,20250716,Tier 1,538504,181209
278,Yes,3 Norton Folgate,,Tower Hamlets,Air conditioning,,"Young children,Older people,Pregnant women",,695,180,Art Play London,Mon-Sun: 11am to 10pm,E1 6DB,available on site,yes,yes,yes,26c_or_less,yes,yes,Art Play London,20250716,Tier 2,533414,181965
58,Yes,Church Lane,,Waltham Forest,Air conditioning,," young children, older people, pregnant women ",,91,50,Leytonstone Library,9am - 7pm weekdays. 9am - 7pm Saturdays. 12pm - 4pm Sundays.,,Available on site,Yes,Yes,Yes,"Cannot guarantee 26C, but the space is always cooler than the outside temperature",Yes,Yes,Waltham Forest Council,20250527,Tier 1,539465.591,187387.353
59,Yes,High Road ,,Waltham Forest,Air conditioning,," young children, older people, pregnant women ",,90,50,Leyton Library,9am - 7pm on weekdays. 9am - 6pm on Saturdays. 12pm - 4pm on Sundays,,Available on site,Yes,Yes,Yes,"Cannot guarantee 26C, but the space is always cooler than the outside temperature",Yes,Yes,Waltham Forest Council,20250527,Tier 1,538252.082,186260.169
60,Yes,High Street ,,Waltham Forest,Air conditioning,," young children, older people, pregnant women ",,92,25,Walthamstow Library,9am - 7pm weekdays. 9am - 6pm Saturdays. 10am - 4pm Sundays.,,Available on site,Yes,Yes,Yes,"Cannot guarantee 26C, but the space is always cooler than the outside temperature",Yes,Yes,Waltham Forest Council,20250527,Tier 1,537177.057,189152.208
106,Yes,"17 & central, 45 selborne walk",,Waltham Forest,"Air conditioning,Natural cooling/ventilation",,"Young children,Older people,Pregnant women",,581,250,CRATE Walthamstow,Monday - Wednesday: 9:00 - 20:30 Thursday: 9:00- 21:00 Friday-Saturday: 9:00 - 21:30 Sunday: 10:00 - 19:00,E17 7JR,available on site,yes,Yes,Yes,26c_or_less,Yes,Yes,CRATE Walthamstow,20250527,Tier 1,536969,189059
212,Yes,149 Canterbury Road,,Waltham Forest,Natural cooling/ventilation,,"Young children,Older people,Pregnant women,Other",All people,633,25,Cornerstone Church,Monday - Friday 9am - 12pm,E10 6EH,available on site,yes,yes,yes,cannot_guarantee_26c,yes,yes,The Cornerstone Church,20250530,Tier 2,538555,188144
219,Yes,458 Hoe Street,,Waltham Forest,"Stand up fans,Natural cooling/ventilation",,,,643,40,The Hornbeam Centre,Tuesday - 10am-2pm Thursday 11am-3pm,E17 9AH,available on site,yes,yes,yes,26c_or_less,yes,yes,The Hornbeam Centre,20250604,Tier 2,537610,188246
256,Yes,7 - 11 Coppermill Lane,London,Waltham Forest,Natural cooling/ventilation,,"Young children,Older people,Pregnant women",,672,36,The Mill,Tuesday - Friday 9.30 am - 5.30 pm Saturday & Sunday 10 am - 2 pm,E17 7HA,available on site,yes,yes,yes,cannot_guarantee_26c,yes,yes,The Mill @ Coppermill,20250626,Tier 1,536299,188781
14,Yes,"23 Malwood Road, Balham",,Wandsworth,Natural cooling/ventilation,," young children, older people, pregnant women ",,22,100,Ascension Church Parish Coffee,8.30am - 4.30pm Monday to Friday. Closed weekends and Public Holidays.,,Available on site,Yes,Yes,Yes,Indoor temperature of 26C or less,Yes,Yes,Ascension Church,20250527,Tier 1,528674.999,174054.883
21,Yes,75 Mitcham Road,,Wandsworth,"Air conditioning,Natural cooling/ventilation,Stand up fans",," young children, older people, pregnant women ",,34,10,Tooting Library,"Mon, Tue, Thu 9:00 AM to 7:00 PM. Fri and Sat 9:00 AM to 5:00 PM, Sun 1:00 PM to 5:00 PM.  Closed Wed.",,Available on site,Yes,Yes,Yes,"Cannot guarantee 26C, but the space is always cooler than the outside temperature",Yes,Yes,Wandsworth Libraries,20250527,Tier 1,527636.849,171261.874
22,Yes,34 Lavender Road,,Wandsworth,"Stand up fans,Natural cooling/ventilation",," young children, older people, pregnant women ",,35,6,York Gardens Library,"Tue 12:00-6:00PM, Wed 10:00AM-7:00PM, Thu 12:00PM-5:00PM, Fri 11:00AM-5:00PM and Sat 10:30AM-2:30PM.  Closed Mon, Sun and Bank Holidays",,Available on site,Yes,Yes,Yes,"Cannot guarantee 26C, but the space is always cooler than the outside temperature",Yes,Yes,Wandsworth Libraries,20250527,Tier 2,526854.419,175823.795
23,Yes,11 Garratt Lane,,Wandsworth,"Stand up fans,Natural cooling/ventilation",," young children, older people, pregnant women ",,36,10,Wandsworth Town Library,"Tue 9:00 AM-7:00 PM, Wed 9:00 AM-7:00 PM, Thu 9:00 AM-7:00 PM, Fri 9:00 AM-5:00 PM, Sat 9:00 AM-5:00 PM. Closed Mon and Sun",,Available on site,Yes,Yes,Yes,"Cannot guarantee 26C, but the space is always cooler than the outside temperature",Yes,Yes,Wandsworth Libraries,20250527,Tier 1,525673.435,174569.384
24,Yes,265 LAVENDER HILL,,Wandsworth,"Natural cooling/ventilation,Stand up fans",," young children, older people, pregnant women ",,38,10,Battersea Library,"9AM-8PM MON, TUE, WED, 9AM-8PM FRI, 9AM-6PM SAT 9AM-5PM, SUN 1PM-5PM  CLOSED THUR",,Available on site,Yes,Yes,Yes,"Cannot guarantee 26C, but the space is always cooler than the outside temperature",Yes,Yes,Wandsworth Libraries,20250527,Tier 1,527596.071,175500.23
25,Yes,276 Magdalen Road,,Wandsworth,Natural cooling/ventilation,," young children, older people, pregnant women ",,39,6,Eearlsfield Library,"9-7PM MON, THUR, 9-5PM FRI, SAT 9.30AM-5PM, CLOSED TUE, WED AND SUN",,Available on site,Yes,Yes,Yes,"Cannot guarantee 26C, but the space is always cooler than the outside temperature",Yes,Yes,Wandsworth Libraries,20250527,Tier 2,526127.98,173038.414
26,Yes,150 Northcote Road,,Wandsworth,Natural cooling/ventilation,," young children, older people, pregnant women ",,40,6,Northcote Library,"9AM-7PM MON, THUR, 9AM-7PM, FRI 9AM-5PM, SAT 9.30AM-2.30PM CLOSED TUE, WED AND SUN",,Available on site,Yes,Yes,Yes,"Cannot guarantee 26C, but the space is always cooler than the outside temperature",Yes,Yes,Wandsworth Libraries,20250527,Tier 2,527637.002,174504.264
27,Yes,2 DANEBURY AVENUE,,Wandsworth,Natural cooling/ventilation,," young children, older people, pregnant women ",,41,8,Roehampton Library,"MON, WED 9-7PM, FRI 9-5PM, SAT 9.30-2.30PM. CLOSED TUE, THU AND SUN",,Available on site,Yes,Yes,Yes,"Cannot guarantee 26C, but the space is always cooler than the outside temperature",Yes,Yes,Wandsworth Libraries,20250527,Tier 2,522245.167,173762.327
28,Yes,300 Wimbledon Park Road,,Wandsworth,Natural cooling/ventilation,," young children, older people, pregnant women ",,37,6,Southfields Library,"TUE, WED 9:00 AM TO 7:00 PM, FRI 9:00 AM TO 5:00 PM AND SAT 09:30 AM TO 2:30 PM. CLOSED MON, THU AND SUN",,Available on site,Yes,Yes,Yes,"Cannot guarantee 26C, but the space is always cooler than the outside temperature",Yes,Yes,Wandsworth Libraries,20250527,Tier 2,524584.618,173138.029
29,Yes,5/7 DISRAELI ROAD,,Wandsworth,"Natural cooling/ventilation,Stand up fans",," young children, older people, pregnant women ",,42,10,Putney Library,"9AM-8PM MON,WED, THU. 9-5 FRI AND SAT, 1PM-5PM SUN. CLOSED TUE",,Available on site,Yes,Yes,Yes,"Cannot guarantee 26C, but the space is always cooler than the outside temperature",Yes,Yes,Wandsworth Libraries,20250527,Tier 1,524062.824,175120.313
109,Yes,Burns Road,,Wandsworth,"Air conditioning,Natural cooling/ventilation",,"Young children,Older people,Pregnant women",,590,20,Latchmere Leisure Centre,Mon - Fri 7.45am - 9.30pm Sat-sun 7.45am - 7.30pm,SW11 5AD,available on site,yes,Yes,Yes,26c_or_less,Yes,Yes,Latchmere Leisure Centre,20250527,Tier 1,527708,176309
110,Yes,16 Ramsden Road,London,Wandsworth,"Stand up fans,Natural cooling/ventilation",,"Young children,Older people,Pregnant women",,591,100,Balham Library,"Monday 9am - 8pm Wednesday 9am - 8pm Thursday 9am  - 8pm Friday 9am - 5pm Saturday 10am - 6pm (Closed on Tuesday, Sunday and Public Holidays)",SW12 8QY,available on site,yes,Yes,Yes,cannot_guarantee_26c,Yes,Yes,Greenwich Leisure Limited (GLL),20250527,Tier 1,528495,173460
127,Yes,Cobham Close,,Wandsworth,Natural cooling/ventilation,,"Young children,Older people,Pregnant women",,610,50,St Michael's Wandsworth Common,School term times: Sunday 9.30-12 Monday 11.30-3.30 Tuesday 11.30-3.30 Wednesdays 11.30-3.30 Thursday closed Friday Closed Saturday Closed School Holidays: Sunday 9.30-12,SW11 6SP,available on site,yes,Yes,Yes,26c_or_less,Yes,Yes,St Michael's Wandsworth Common,20250527,Tier 2,527460,174427
130,Yes,Mapleton Road,,Wandsworth,Air conditioning,,"Young children,Older people,Pregnant women",,613,30,Wandle Recreation Centre,"Monday, Tuesday, Thursday - 8:00 till 22:00 Wednesday & Friday - 8:00 till 22:30 Saturday - 8:30 till 17:00 Sunday - 8:30 till 22:00",SW18 4DN,available on site,yes,Yes,Yes,26c_or_less,Yes,Yes,Places Leisure,20250527,Tier 1,525673,174198
131,Yes,Laverstoke Garden,,Wandsworth,Air conditioning,,"Young children,Older people,Pregnant women",,614,15,Roehampton Sport and Fitness Centre,Monday to Friday - 7:00 till 22:00 Saturday & Sunday - 8:00 till 17:00,SW15 4JB,available on site,yes,Yes,Yes,26c_or_less,Yes,Yes,Places Leisure,20250527,Tier 1,522121,173742
133,Yes,309 Battersea Park Road,,Wandsworth,"Stand up fans,Ceiling fans",,,,616,20,Battersea Park Library,"monday, tuesday; 9-7 friday; 9-5 saturday; 9:30-2:30",SW11 4NF,available on site,yes,Yes,Yes,26c_or_less,Yes,Yes,"Battersea park Library, GLL",20250527,Tier 2,528274.3,176661.66
216,Yes,Battersea Arts Centre,Lavender Hill,Wandsworth,Natural cooling/ventilation,,"Young children,Older people,Pregnant women,Other",We are an inclusive venue with facilities to support everyone. We have a chill out space available on the first floor.,638,80,Battersea Arts Centre,Mon - Fri 09:30am - 5:00pm Occasionally open to public during evening and weekends.,SW11 5TN,available on site,yes,yes,yes,26c_or_less,yes,yes,Battersea Arts Centre,20250604,Tier 1,527854,175625
96,Yes,"160 Buckingham Palace Rd, London",,Westminster,"Stand up fans,Natural cooling/ventilation",,"Young children,Older people,Pregnant women",,586,20,Victoria Library Mini Hub,Monday 09:30-20:00 Tuesday to Friday 09:30-19:00 Saturday 09:30-17:00 Sunday closed,SW1W 9TR,available on site,yes,Yes,Yes,cannot_guarantee_26c,Yes,Yes,Westminster City Council,20250527,Tier 1,528689,178795
97,Yes,61-63 Elgin Avenue,,Westminster,"Air conditioning,Natural cooling/ventilation",,"Young children,Older people,Pregnant women",,587,20,The Exchange at Ernest Harriss House,Monday to Saturday: 09:00-20:00 Sunday: closed,W9 2DB,available on site,yes,Yes,Yes,26c_or_less,Yes,Yes,Westminster City Council,20250527,Tier 1,525170,182282
113,Yes,"Lupus St, Pimlico, London SW1V 3AT",,Westminster,Air conditioning,,"Young children,Older people,Pregnant women",,594,10,Pimlico Library,"Sunday	1:30–5 pm Monday	9:30 am–8 pm Tuesday	9:30 am–8 pm Wednesday	10 am–8 pm Thursday	9:30 am–8 pm Friday	9:30 am–8 pm Saturday	9:30 am–5 pm",SW1V 3AT,available on site,yes,Yes,Yes,26c_or_less,Yes,Yes,Westminster City Council,20250527,Tier 1,529431.06,178225.92
114,Yes,"4-6 Charing Cross Rd, London WC2H 0HF",,Westminster,Air conditioning,,"Young children,Older people,Pregnant women",,596,10,Charing Cross Library,"Sunday	11 am–5 pm Monday	9:30 am–8 pm Tuesday	9:30 am–7 pm Wednesday	10 am–7 pm Thursday	9:30 am–7 pm Friday	9:30 am–7 pm Saturday	10:30 am–2 pm",WC2H 0HF,available on site,no,Yes,Yes,26c_or_less,Yes,Yes,Westminster City Council,20250527,Tier 1,530031,180644
115,Yes,"35 St Martin's St, London WC2H 7HP",,Westminster,Air conditioning,,"Older people,Pregnant women",,597,5,Westminster Reference Library,"Sunday	Closed Monday	10 am–8 pm Tuesday	10 am–8 pm Wednesday	10 am–8 pm Thursday	10 am–8 pm Friday	10 am–8 pm Saturday	10 am–5 pm",WC2H 7HP,available on site,no,Yes,Yes,26c_or_less,Yes,Yes,Westminster City Council,20250527,Tier 2,529883,180628
116,Yes,"25 S Audley St, London W1K 2PB",,Westminster,Air conditioning,,"Young children,Older people,Pregnant women",,598,5,Mayfair library,"Sunday	Closed Monday	11 am–7 pm Tuesday	11 am–7 pm Wednesday	11 am–7 pm Thursday	11 am–7 pm Friday	11 am–7 pm Saturday	10:30 am–2 pm",W1K 2PB,available on site,no,Yes,Yes,26c_or_less,Yes,Yes,Westminster City Council,20250527,Tier 2,528403,180558
117,Yes,"9-11 New Cavendish St, London W1G 9UQ",,Westminster,Air conditioning,,"Young children,Older people,Pregnant women",,599,2,Marylebone library,"Sunday	1:30–5 pm Monday	9:30 am–8 pm Tuesday	9:30 am–8 pm Wednesday	10 am–8 pm Thursday	9:30 am–8 pm Friday	9:30 am–8 pm Saturday	9:30 am–5 pm",W1G 9UQ,available on site,yes,Yes,Yes,26c_or_less,Yes,Yes,Westminster City Council,20250527,Tier 1,528412,181621
118,Yes,Sutherland Ave,London,Westminster,Natural cooling/ventilation,,"Young children,Older people,Pregnant women",,601,20,Maida Vale Library,Mon - 9.30-5.00pm Tues - 9.30-5.00pm,W9 2QT,available on site,yes,Yes,Yes,cannot_guarantee_26c,Yes,Yes,Westminster Libraries and Archives,20250527,Tier 2,525633,182191
119,Yes,"20 Circus Rd, London",,Westminster,Stand up fans,,"Young children,Older people",,602,15,St John's Wood Library,Wednesday - 10.am-5.00pm Thursday - 9.30am-5.00pm,NW8 6PD,available on site,yes,Yes,Yes,cannot_guarantee_26c,Yes,Yes,Westminster Libraries and Archives,20250527,Tier 2,526845,183221
120,Yes,666 Harrow Road,,Westminster,Stand up fans,,"Young children,Older people,Pregnant women",,603,20,Queen's Park Library,Thursday - 9.30am-5.00pm Friday - 9.30am-5.00pm,W10 4NE,available on site,yes,Yes,Yes,cannot_guarantee_26c,Yes,Yes,Westminster Libraries and Archives,20250527,Tier 2,524206,182418
121,Yes,"Porchester Road London 45,",,Westminster,Stand up fans,,"Young children,Older people,Pregnant women",,604,25,Paddington Library,Monday - 9.30am-5.00pm Tuesday - 9.30am-5.00pm,W2 5DU,available on site,yes,Yes,Yes,cannot_guarantee_26c,Yes,Yes,Westminster Libraries and Archives,20250527,Tier 2,525779,181388
122,Yes,Church Street 67,London,Westminster,Stand up fans,,"Young children,Older people,Pregnant women",,605,20,Church Street Library,Wednesday - 10.00am-5.00pm Thursday - 9.30am-5.00pm,NW8 8EU,available on site,yes,Yes,Yes,cannot_guarantee_26c,Yes,Yes,Westminster Libraries and Archives,20250527,Tier 2,527045.89,182082.45
204,Yes,80 Mortimer Street,,Westminster,Air conditioning,,,,635,15,London National Park City - Lobby,Mon - Fri: midday to 6pm,W1W 7FE,available on site,no,yes,yes,26c_or_less,yes,yes,London National Park City,20250530,Tier 2,528978,181486
206,Yes,34 Great Smith St,,Westminster,Natural cooling/ventilation,,"Young children,Older people,Pregnant women,Other",Asylum seekers and refugees,625,100,The Abbey Centre,"Monday	9am - 4pm Tuesday	9am - 4pm Wednesday 9am - 4pm Thursday 9am - 4pm Friday 9am - 4pm",SW1P 3BU,available on site,yes,yes,yes,cannot_guarantee_26c,yes,yes,The Abbey Centre,20250530,Tier 2,529927,179277
210,Yes,16-18 Ramillies Street,London,Westminster,"Air conditioning,Natural cooling/ventilation",,"Young children,Older people,Pregnant women",,631,35,The Photographers' Gallery,"Monday - Wednesday,  10.00–18.00 Thursday & Friday, 10.00–20.00 Saturday, 10.00–18.00 Sunday & bank holidays, 11.00–18.00",W1F 7LW,available on site,yes,yes,yes,cannot_guarantee_26c,yes,yes,The Photographers' Gallery,20250530,Tier 1,529227,181197
225,Yes,"Torquay St,",London,Westminster,"Air conditioning,Natural cooling/ventilation",,"Young children,Older people,Pregnant women",,301,10,Academy Sport,9am-10pm daily,W2 5EW,available on site,yes,yes,yes,26c_or_less,yes,yes,Westminster City Council,20250610,Tier 1,525525,181732
226,Yes,223 Vauxhall Bridge Rd,Pimlico,Westminster,"Air conditioning,Natural cooling/ventilation",,"Young children,Older people,Pregnant women",,302,10,Queen Mother Sports Centre,Mon-Fri - 6.30am-10pm\nWeekends - 8am-8pm,SW1V 1EL,available on site,yes,yes,yes,26c_or_less,yes,yes,Westminster City Council,20250610,Tier 1,529161,178827
227,Yes,"Marshall St,",London,Westminster,"Air conditioning,Natural cooling/ventilation",,"Young children,Older people,Pregnant women",,303,5,Marshall Street Leisure Centre,Mon-Fri 6.30am-10pm\nWeekends - 8am-8pm,W1F 7EL,available on site,yes,yes,yes,26c_or_less,yes,yes,Westminster City Council,20250610,Tier 1,529314.626,181058.697
228,Yes,Queensway,Porchester Rd,Westminster,"Air conditioning,Natural cooling/ventilation",,"Young children,Older people,Pregnant women",,304,20,"Porchester Centre, Spa & Hall",Mon-Fri 6.30am -10pm\nWeekends - 8am-8pm,W2 5HS,available on site,yes,yes,yes,26c_or_less,yes,yes,Westminster City Council,20250610,Tier 1,525754,181372
229,Yes,10 Crompton St,,Westminster,"Air conditioning,Natural cooling/ventilation",,"Young children,Older people,Pregnant women",,305,30,Little Venice Sports Centre,Mon-Fri 6.30-10pm\nWeekends - 8am-8pm,W2 1ND,available on site,yes,yes,yes,26c_or_less,yes,yes,Westminster City Council,20250610,Tier 1,526561.811,181972.89
231,Yes,Lancefield St,,Westminster,"Air conditioning,Natural cooling/ventilation",,"Young children,Older people,Pregnant women",,307,5,Jubilee Community Leisure Centre,Mon-Sat - 8am-10pm\nWeekends - 9am-8pm,W10 4NW,available on site,yes,yes,yes,26c_or_less,yes,yes,Westminster City Council,20250610,Tier 1,524558.46,182584.154
232,Yes,"1 Fisherton St,",,Westminster,"Air conditioning,Natural cooling/ventilation",,"Young children,Older people,Pregnant women",,308,5,Church Street Community Leisure Centre,Mon-Fri 8am-10pm\nWeekend 9am-8pm,NW8 8BF,available on site,yes,yes,yes,26c_or_less,yes,yes,Westminster City Council,20250610,Tier 1,526960.41,182146.72
240,Yes,Hyde Park Crescent,,Westminster,Other,1830s church building that is naturally cooler than the outside temperature,"Young children,Older people,Pregnant women",,656,200,St John's Hyde Park,Mon - Friday 9.30am - 4.30pm Open to the public when not in use for private event.,W22QD,available on site,no,yes,yes,cannot_guarantee_26c,yes,yes,St John's Hyde Park,20250619,Tier 2,527207,181211
258,Yes,146 Park Road,,Westminster,"Air conditioning,Stand up fans,Natural cooling/ventilation",,"Young children,Older people,Pregnant women",,673,50,London Central Mosque,Mon - Sun 10am - 9pm,NW8 7RG,available on site,yes,yes,yes,cannot_guarantee_26c,yes,yes,London Central Mosque & Islamic Cultural Centre,20250701,Tier 1,527380,182696
